"booking_id","guest_name","guest_city","guest_nationality","room_no","room_type","room_rate_per_night","check_in_date","check_out_date","nights_stayed","staff_name","staff_department","staff_salary","payment_method","booking_status","total_amount","service_used","service_price","guest_rating"
"BK0026","Felix Hassan","Nairobi","Kenyan",202,"Deluxe",8500,"2024-10-02","2024-10-02",4,"Brenda Achieng","Front Desk",42000,"Cash","Checked Out","34000","","",4
"BK0062","Brian Otieno","Mombasa","Kenyan",104,"Standard",5500,"2024-03-30","2024-03-30",4,"Amina Juma","Restaurant",65000,"Cash","Checked Out","22000","","",3
"BK0063","Carol Wanjiku","Kisumu","Kenyan",202,"Deluxe",8500,"2024-03-31","2024-03-31",3,"Peter Ngugi","Security",30000,"Card","Checked Out","25500","","",4
"BK0064","David Kamau","Nairobi","Kenyan",301,"Suite",15000,"2024-04-01","2024-04-01",3,"Joy Otieno","Management",120000,"Bank Transfer","Checked Out","45500","Room Service",500,2
"BK0065","Esther Njoroge","Nakuru","Kenyan",401,"Penthouse",25000,"2024-04-02","2024-04-02",3,"Kelvin Omondi","Front Desk",42000,"M-Pesa","Checked Out","75000","","",4
"BK0273","Mary Waweru","Nairobi","Kenyan",203,"Deluxe",8500,"2023-12-24","2023-12-24",5,"Kelvin Omondi","Front Desk",42000,"Mpesa","Checked Out","42500","","",4
"BK0001","Alice Mwangi","Nairobi","Kenyan",101,"Standard",5500,"2024-01-05","2024-01-05",1,"Kelvin Omondi","Front Desk",42000,"M-Pesa","Checked Out","6000","Room Service",500,2
"BK0002","Brian Otieno","Mombasa","Kenyan",103,"Standard",5500,"2024-01-06","2024-01-06",1,"Brenda Achieng","Front Desk",42000,"Cash","Checked Out","5500","","",2
"BK0201","Alice Mwangi","Nairobi","Kenyan",201,"Deluxe",8500,"2024-10-29","2024-10-29",2,"Kelvin Omondi","Front Desk",42000,"M-Pesa","Checked Out","17000","","",1
"BK0202","Brian Otieno","Mombasa","Kenyan",102,"Standard",5500,"2024-11-01","2024-11-01",2,"Brenda Achieng","Front Desk",42000,"Cash","Checked Out","26000","Conference Room",15000,3
"BK0203","Carol Wanjiku","Kisumu","Kenyan",104,"Standard",5500,"2024-11-02","2024-11-02",1,"Tony Karanja","Housekeeping",32000,"Card","Checked Out","5500","","",5
"BK0204","David Kamau","Nairobi","Kenyan",202,"Deluxe",8500,"2024-11-03","2024-11-03",5,"Fatuma Hassan","Housekeeping",48000,"Bank Transfer","Cancelled","42500","","",1
"BK0037","Quirine Abdi","Nairobi","Kenyan",203,"Deluxe",8500,"2024-02-24","2024-02-24",5,"Moses Kipchoge","Restaurant",35000,"M-Pesa","checked out","43300","Laundry",800,5
"BK0219","Samuel Odhiambo","Kisumu","Kenyan",101,"Standard",5500,"2024-11-24","2024-11-24",5,"Tony Karanja","Housekeeping","","Card","Checked Out","27500","","",2
"BK0125","Esther Njoroge","Nakuru","Kenyan",203,"Deluxe",8500,"2024-07-07","2024-07-07",1,"Moses Kipchoge","Restaurant",35000,"M-Pesa","Checked Out","8500","","",1
"BK0090","James Gitonga","Nairobi","Kenyan",102,"Standard",5500,"2024-05-12","2024-05-12",4,"Brenda Achieng","Front Desk",42000,"Cash","Checked Out","22000","","",1
"BK0091","Karen Adhiambo","Nairobi","Kenyan",104,"Standard",5500,"2024-05-13","2024-05-13",1,"Tony Karanja","Housekeeping",32000,"Card","Checked Out","6000","Swimming Pool",500,1
"BK0100","Tabitha Karanja","Nairobi","Kenyan",103,"Standard",5500,"","",2,"Fatuma Hassan","Housekeeping",48000,"Bank Transfer","No Show","11800","Laundry",800,4
"BK0255","Olivia Maina","Nairobi","Kenyan",202,"Deluxe",8500,"2023-09-06","2023-09-06",5,"Peter Ngugi","Security",30000,"Card","Checked Out","42,500","","",1
"BK0256","Patrick Ngugi","Nyeri","Kenyan",301,"Suite",15000,"2023-09-07","2023-09-07",3,"Joy Otieno","Management",120000,"Bank Transfer","Checked Out","46200","Breakfast Buffet",1200,5
"BK0257","Quirine Abdi","Nairobi","Kenyan",401,"Penthouse",25000,"2023-09-08","2023-09-08",1,"Kelvin Omondi","Front Desk",42000,"M-Pesa","checked out","25000","","",4
"BK0003","Carol Wanjiku","Kisumu","Kenyan",201,"Deluxe",8500,"2024-01-07","2024-01-07",3,"Tony Karanja","Housekeeping",32000,"Card","Checked Out","25500","","",4
"BK0027","Grace Achieng","Eldoret","Kenyan",301,"Suite",15000,"2024-02-11","2024-02-11",5,"Tony Karanja","Housekeeping",32000,"Card","Checked Out","75000","","",5
"BK0249","Irene Chebet","Thika","Kenyan",104,"Standard",5500,"2023-07-20","2023-07-20",4,"Kelvin Omondi","Front Desk",42000,"M-Pesa","Checked Out","22000","","",4
"BK0214","Nathan Kipchoge","Eldoret","Kenyan",202,"Deluxe",8500,"2024-11-17","2024-11-17",4,"Amina Juma","Restaurant",65000,"Cash","Checked Out","KES 35200","Breakfast Buffet",1200,4
"BK0215","Olivia Maina","Nairobi","Kenyan",301,"Suite",15000,"2024-11-18","2024-11-18",4,"Peter Ngugi","Security",30000,"Card","Checked Out",",","","",2
"BK0216","Patrick Ngugi","Nyeri","Kenyan",401,"Penthouse",25000,"2024-11-19","2024-11-19",5,"Joy Otieno","Management",120000,"Bank Transfer","Cancelled","125000","","",5
"BK0217","Quirine Abdi","Nairobi","Kenyan",203,"Deluxe",8500,"2024-11-22","2024-11-22",2,"Kelvin Omondi","Front Desk",42000,"M-Pesa","checked out","17500","Swimming Pool",500,3
"BK0218","Rachel Mwenda","Meru","Kenyan",302,"Suite",15000,"2024-11-23","2024-11-23",5,"Brenda Achieng","Front Desk",42000,"Cash","Checked Out","75000","","",6
"BK0234","Nathan Kipchoge","Eldoret","Kenyan",302,"Suite",15000,"2024-12-25","2024-12-25",5,"Brenda Achieng","Front Desk",42000,"Cash","Checked Out","KES 75000","","",1
"BK0235","Olivia Maina","Nairobi","Kenyan",201,"Deluxe",8500,"2024-12-27","2024-12-27",3,"Tony Karanja","Housekeeping",32000,"Card","Checked Out","26,700","Breakfast Buffet",1200,4
"BK0107","Grace Achieng","Eldoret","Kenyan",102,"Standard",5500,"2024-06-06","2024-06-06",1,"Tony Karanja","Housekeeping",32000,"Card","Checked Out","5500","","",3
"BK0108","Henry Korir","","Kenyan",301,"Suite",15000,"2024-06-08","2024-06-08",3,"Fatuma Hassan","Housekeeping",48000,"Bank Transfer","Cancelled","45000","","",1
"BK0048","Henry Korir","","Kenyan",301,"Suite",15000,"2024-03-09","2024-03-09",5,"Joy Otieno","Management",120000,"Bank Transfer","Cancelled","75000","","",1
"BK0049","Irene Chebet","Thika","Kenyan",401,"Penthouse",25000,"2024-03-10","2024-03-10",3,"Kelvin Omondi","Front Desk",42000,"M-Pesa","Checked Out","75500","Swimming Pool",500,4
"BK0016","Patrick Ngugi","Nyeri","Kenyan",401,"Penthouse",25000,"2024-01-22","2024-01-22",4,"Joy Otieno","Management",120000,"Bank Transfer","Checked Out","100800","Laundry",800,3
"BK0079","Samuel Odhiambo","Kisumu","Kenyan",302,"Suite",15000,"2024-04-26","2024-04-26",4,"Peter Ngugi","Security","","Card","Checked Out","60800","Laundry",800,2
"BK0070","James Gitonga","Nairobi","Kenyan",401,"Penthouse",25000,"2024-04-12","2024-04-12",1,"Amina Juma","Restaurant",65000,"Cash","Checked Out","25500","Swimming Pool",500,3
"BK0032","Liam Mutua","Machakos","Kenyan",102,"Standard",5500,"2024-02-17","2024-02-17",1,"Joy Otieno","Management",120000,"Bank Transfer","Checked Out","5500","","",1
"BK0033","Mary Waweru","Nairobi","Kenyan",104,"Standard",5500,"2024-02-18","2024-02-18",3,"Kelvin Omondi","Front Desk",42000,"Mpesa","Checked Out","16500","","",1
"BK0071","Karen Adhiambo","Nairobi","Kenyan",102,"Standard",5500,"2024-04-13","2024-04-13",3,"Peter Ngugi","Security",30000,"Card","Checked Out","16500","","",5
"BK0200","Tabitha Karanja","Nairobi","Kenyan",103,"Standard",5500,"","",4,"Joy Otieno","Management",120000,"Bank Transfer","No Show","22000","","",4
"BK0089","Irene Chebet","Thika","Kenyan",401,"Penthouse",25000,"2024-05-11","2024-05-11",1,"Kelvin Omondi","Front Desk",42000,"M-Pesa","Checked Out","25000","","",2
"BK0095","Olivia Maina","Nairobi","Kenyan",301,"Suite",15000,"2024-05-20","2024-05-20",4,"Peter Ngugi","Security",30000,"Card","Checked Out",",","","",2
"BK0126","Felix Hassan","Nairobi","Kenyan",302,"Suite",15000,"2024-08-07","2024-08-07",4,"Amina Juma","Restaurant",65000,"Cash","Checked Out","60000","","",1
"BK0127","Grace Achieng","Eldoret","Kenyan",203,"Deluxe",8500,"2024-07-12","2024-07-12",2,"Peter Ngugi","Security",30000,"Card","Checked Out","17500","Room Service",500,1
"BK0128","Henry Korir","","Kenyan",302,"Suite",15000,"2024-07-13","2024-07-13",5,"Joy Otieno","Management",120000,"Bank Transfer","Checked Out","75000","","",2
"BK0106","Felix Hassan","Nairobi","Kenyan",401,"Penthouse",25000,"2024-05-06","2024-05-06",4,"Brenda Achieng","Front Desk",42000,"Cash","Checked Out","100500","Room Service",500,1
"BK0220","Tabitha Karanja","Nairobi","Kenyan",103,"Standard",5500,"","",5,"Fatuma Hassan","Housekeeping",48000,"Bank Transfer","No Show","30000","Airport Pickup",2500,2
"BK0034","Nathan Kipchoge","Eldoret","Kenyan",202,"Deluxe",8500,"2024-02-19","2024-02-19",4,"Brenda Achieng","Front Desk",42000,"Cash","Checked Out","KES 49000","Conference Room",15000,4
"BK0035","Olivia Maina","Nairobi","Kenyan",301,"Suite",15000,"2024-02-20","2024-02-20",2,"Tony Karanja","Housekeeping",32000,"Card","Checked Out",",","","",4
"BK0036","Patrick Ngugi","Nyeri","Kenyan",401,"Penthouse",25000,"2024-02-21","2024-02-21",3,"Fatuma Hassan","Housekeeping",48000,"Bank Transfer","Cancelled","75000","","",4
"BK0002","Brian Otieno","Mombasa","Kenyan",103,"Standard",5500,"2024-01-06","2024-01-06",1,"Brenda Achieng","Front Desk",42000,"Cash","Checked Out","5500","","",2
"BK0003","Carol Wanjiku","Kisumu","Kenyan",201,"Deluxe",8500,"2024-01-07","2024-01-07",3,"Tony Karanja","Housekeeping",32000,"Card","Checked Out","25500","","",4
"BK0004","David Kamau","Nairobi","Kenyan",203,"Deluxe",8500,"2024-01-08","2024-01-08",2,"Fatuma Hassan","Housekeeping",48000,"Bank Transfer","Checked Out","18200","Breakfast Buffet",1200,3
"BK0005","Esther Njoroge","Nakuru","Kenyan",302,"Suite",15000,"2024-01-09","2024-01-09",4,"Moses Kipchoge","Restaurant",35000,"M-Pesa","Checked Out","60000","","",5
"BK0006","Felix Hassan","Nairobi","Kenyan",101,"Standard",5500,"2024-10-01","2024-10-01",5,"Amina Juma","Restaurant",65000,"Cash","Checked Out","27500","","",2
"BK0012","Liam Mutua","Machakos","Kenyan",102,"Standard",5500,"2024-01-18","2024-01-18",1,"Fatuma Hassan","Housekeeping",48000,"Bank Transfer","Cancelled","5500","","",4
"BK0013","Mary Waweru","Nairobi","Kenyan",104,"Standard",5500,"2024-01-19","2024-01-19",5,"Moses Kipchoge","Restaurant",35000,"Mpesa","Checked Out","42500","Conference Room",15000,4
"BK0039","Samuel Odhiambo","Kisumu","Kenyan",101,"Standard",5500,"2024-02-26","2024-02-26",4,"Peter Ngugi","Security","","Card","Checked Out","22000","","",4
"BK0040","Tabitha Karanja","Nairobi","Kenyan",103,"Standard",5500,"","",4,"Joy Otieno","Management",120000,"Bank Transfer","No Show","25500","Spa Treatment",3500,2
"BK0237","Quirine Abdi","Nairobi","Kenyan",302,"Suite",15000,"2024-12-29","2024-12-29",3,"Moses Kipchoge","Restaurant",35000,"M-Pesa","checked out","45000","","",3
"BK0238","Rachel Mwenda","Meru","Kenyan",101,"Standard",5500,"2024-12-30","2024-12-30",3,"Amina Juma","Restaurant",65000,"Cash","Checked Out","17000","Swimming Pool",500,6
"BK0012","Liam Mutua","Machakos","Kenyan",102,"Standard",5500,"2024-01-18","2024-01-18",1,"Fatuma Hassan","Housekeeping",48000,"Bank Transfer","Cancelled","5500","","",4
"BK0013","Mary Waweru","Nairobi","Kenyan",104,"Standard",5500,"2024-01-19","2024-01-19",5,"Moses Kipchoge","Restaurant",35000,"Mpesa","Checked Out","42500","Conference Room",15000,4
"BK0035","Olivia Maina","Nairobi","Kenyan",301,"Suite",15000,"2024-02-20","2024-02-20",2,"Tony Karanja","Housekeeping",32000,"Card","Checked Out",",","","",4
"BK0036","Patrick Ngugi","Nyeri","Kenyan",401,"Penthouse",25000,"2024-02-21","2024-02-21",3,"Fatuma Hassan","Housekeeping",48000,"Bank Transfer","Cancelled","75000","","",4
"BK0203","Carol Wanjiku","Kisumu","Kenyan",104,"Standard",5500,"2024-11-02","2024-11-02",1,"Tony Karanja","Housekeeping",32000,"Card","Checked Out","5500","","",5
"BK0204","David Kamau","Nairobi","Kenyan",202,"Deluxe",8500,"2024-11-03","2024-11-03",5,"Fatuma Hassan","Housekeeping",48000,"Bank Transfer","Cancelled","42500","","",1
"BK0051","Karen Adhiambo","Nairobi","Kenyan",104,"Standard",5500,"2024-03-12","2024-03-12",4,"Tony Karanja","Housekeeping",32000,"Card","Checked Out","22000","","",5
"BK0066","Felix Hassan","Nairobi","Kenyan",202,"Deluxe",8500,"2024-05-04","2024-05-04",3,"Brenda Achieng","Front Desk",42000,"Cash","Checked Out","25500","","",2
"BK0067","Grace Achieng","Eldoret","Kenyan",301,"Suite",15000,"2024-04-06","2024-04-06",4,"Tony Karanja","Housekeeping",32000,"Card","Checked Out","61200","Breakfast Buffet",1200,3
"BK0068","Henry Korir","","Kenyan",401,"Penthouse",25000,"2024-04-07","2024-04-07",5,"Fatuma Hassan","Housekeeping",48000,"Bank Transfer","Checked Out","125000","","",4
"BK0190","James Gitonga","Nairobi","Kenyan",201,"Deluxe",8500,"2024-10-16","2024-10-16",2,"Amina Juma","Restaurant",65000,"Cash","Checked Out","17500","Room Service",500,2
"BK0112","Liam Mutua","Machakos","Kenyan",202,"Deluxe",8500,"2024-06-12","2024-06-12",5,"Joy Otieno","Management",120000,"Bank Transfer","Checked Out","43000","Swimming Pool",500,1
"BK0115","Olivia Maina","Nairobi","Kenyan",203,"Deluxe",8500,"2024-06-17","2024-06-17",1,"Tony Karanja","Housekeeping",32000,"Card","Checked Out",",","Airport Pickup",2500,5
"BK0121","Alice Mwangi","Nairobi","Kenyan",201,"Deluxe",8500,"2024-06-26","2024-06-26",1,"Kelvin Omondi","Front Desk",42000,"M-Pesa","Checked Out","9300","Laundry",800,2
"BK0136","Patrick Ngugi","Nyeri","Kenyan",302,"Suite",15000,"2024-07-22","2024-07-22",2,"Joy Otieno","Management",120000,"Bank Transfer","Checked Out","32500","Airport Pickup",2500,2
"BK0137","Quirine Abdi","Nairobi","Kenyan",101,"Standard",5500,"2024-07-23","2024-07-23",2,"Kelvin Omondi","Front Desk",42000,"M-Pesa","checked out","11000","","",3
"BK0138","Rachel Mwenda","Meru","Kenyan",301,"Suite",15000,"2024-07-26","2024-07-26",4,"Brenda Achieng","Front Desk",42000,"Cash","Checked Out","60000","","",6
"BK0210","James Gitonga","Nairobi","Kenyan",104,"Standard",5500,"2024-11-12","2024-11-12",3,"Brenda Achieng","Front Desk",42000,"Cash","Checked Out","16500","","",3
"BK0211","Karen Adhiambo","Nairobi","Kenyan",202,"Deluxe",8500,"2024-11-13","2024-11-13",3,"Tony Karanja","Housekeeping",32000,"Card","Checked Out","26000","Room Service",500,4
"BK0043","Carol Wanjiku","Kisumu","Kenyan",103,"Standard",5500,"2024-03-02","2024-03-02",2,"Tony Karanja","Housekeeping",32000,"Card","Checked Out","11500","Room Service",500,5
"BK0113","Mary Waweru","Nairobi","Kenyan",103,"Standard",5500,"2024-06-15","2024-06-15",3,"Kelvin Omondi","Front Desk",42000,"Mpesa","Checked Out","16500","","",4
"BK0016","Patrick Ngugi","Nyeri","Kenyan",401,"Penthouse",25000,"2024-01-22","2024-01-22",4,"Joy Otieno","Management",120000,"Bank Transfer","Checked Out","100800","Laundry",800,3
"BK0017","Quirine Abdi","Nairobi","Kenyan",203,"Deluxe",8500,"2024-01-25","2024-01-25",5,"Kelvin Omondi","Front Desk",42000,"M-Pesa","checked out","42500","","",2
"BK0216","Patrick Ngugi","Nyeri","Kenyan",401,"Penthouse",25000,"2024-11-19","2024-11-19",5,"Joy Otieno","Management",120000,"Bank Transfer","Cancelled","125000","","",5
"BK0217","Quirine Abdi","Nairobi","Kenyan",203,"Deluxe",8500,"2024-11-22","2024-11-22",2,"Kelvin Omondi","Front Desk",42000,"M-Pesa","checked out","17500","Swimming Pool",500,3
"BK0206","Felix Hassan","Nairobi","Kenyan",202,"Deluxe",8500,"2024-08-11","2024-08-11",2,"Amina Juma","Restaurant",65000,"Cash","Checked Out","17000","","",3
"BK0205","Esther Njoroge","Nakuru","Kenyan",301,"Suite",15000,"2024-11-04","2024-11-04",5,"Moses Kipchoge","Restaurant",35000,"M-Pesa","Checked Out","75800","Laundry",800,2
"BK0207","Grace Achieng","Eldoret","Kenyan",301,"Suite",15000,"2024-11-09","2024-11-09",2,"Peter Ngugi","Security",30000,"Card","Checked Out","30000","","",3
"BK0271","Karen Adhiambo","Nairobi","Kenyan",103,"Standard",5500,"2023-12-22","2023-12-22",4,"Peter Ngugi","Security",30000,"Card","Checked Out","25500","Spa Treatment",3500,1
"BK0272","Liam Mutua","Machakos","Kenyan",201,"Deluxe",8500,"2023-12-23","2023-12-23",2,"Joy Otieno","Management",120000,"Bank Transfer","Checked Out","17000","","",5
"BK0051","Karen Adhiambo","Nairobi","Kenyan",104,"Standard",5500,"2024-03-12","2024-03-12",4,"Tony Karanja","Housekeeping",32000,"Card","Checked Out","22000","","",5
"BK0097","Quirine Abdi","Nairobi","Kenyan",203,"Deluxe",8500,"2024-05-24","2024-05-24",1,"Kelvin Omondi","Front Desk",42000,"M-Pesa","checked out","23500","Conference Room",15000,4
"BK0098","Rachel Mwenda","Meru","Kenyan",302,"Suite",15000,"2024-05-25","2024-05-25",4,"Brenda Achieng","Front Desk",42000,"Cash","Checked Out","60000","","",6
"BK0044","David Kamau","Nairobi","Kenyan",201,"Deluxe",8500,"2024-03-03","2024-03-03",4,"Fatuma Hassan","Housekeeping",48000,"Bank Transfer","Checked Out","34000","","",5
"BK0105","Esther Njoroge","Nakuru","Kenyan",301,"Suite",15000,"2024-06-04","2024-06-04",3,"Kelvin Omondi","Front Desk",42000,"M-Pesa","Checked Out","45000","","",3
"BK0117","Quirine Abdi","Nairobi","Kenyan",203,"Deluxe",8500,"2024-06-22","2024-06-22",4,"Moses Kipchoge","Restaurant",35000,"M-Pesa","checked out","34000","","",3
"BK0118","Rachel Mwenda","Meru","Kenyan",302,"Suite",15000,"2024-06-23","2024-06-23",2,"Amina Juma","Restaurant",65000,"Cash","Checked Out","45000","Conference Room",15000,6
"BK0116","Patrick Ngugi","Nyeri","Kenyan",302,"Suite",15000,"2024-06-18","2024-06-18",2,"Fatuma Hassan","Housekeeping",48000,"Bank Transfer","Checked Out","30000","","",4
"BK0154","Nathan Kipchoge","Eldoret","Kenyan",203,"Deluxe",8500,"2024-08-19","2024-08-19",2,"Brenda Achieng","Front Desk",42000,"Cash","Checked Out","KES 17500","Swimming Pool",500,5
"BK0156","Patrick Ngugi","Nyeri","Kenyan",203,"Deluxe",8500,"2024-08-24","2024-08-24",2,"Fatuma Hassan","Housekeeping",48000,"Bank Transfer","Cancelled","17000","","",2
"BK0171","Karen Adhiambo","Nairobi","Kenyan",103,"Standard",5500,"2024-09-22","2024-09-22",1,"Tony Karanja","Housekeeping",32000,"Card","Checked Out","5500","","",1
"BK0172","Liam Mutua","Machakos","Kenyan",201,"Deluxe",8500,"2024-09-23","2024-09-23",1,"Fatuma Hassan","Housekeeping",48000,"Bank Transfer","Checked Out","9700","Breakfast Buffet",1200,5
"BK0173","Mary Waweru","Nairobi","Kenyan",203,"Deluxe",8500,"2024-09-24","2024-09-24",4,"Moses Kipchoge","Restaurant",35000,"Mpesa","Checked Out","34000","","",1
"BK0174","Nathan Kipchoge","Eldoret","Kenyan",302,"Suite",15000,"2024-09-25","2024-09-25",1,"Amina Juma","Restaurant",65000,"Cash","Checked Out","KES 15000","","",1
"BK0188","Henry Korir","","Kenyan",101,"Standard",5500,"2024-10-14","2024-10-14",1,"Fatuma Hassan","Housekeeping",48000,"Bank Transfer","Checked Out","5500","","",1
"BK0191","Karen Adhiambo","Nairobi","Kenyan",101,"Standard",5500,"2024-10-18","2024-10-18",2,"Peter Ngugi","Security",30000,"Card","Checked Out","11000","","",1
"BK0129","Irene Chebet","Thika","Kenyan",101,"Standard",5500,"2024-07-14","2024-07-14",2,"Kelvin Omondi","Front Desk",42000,"M-Pesa","Checked Out","11000","","",1
"BK0130","James Gitonga","Nairobi","Kenyan",103,"Standard",5500,"2024-07-15","2024-07-15",3,"Brenda Achieng","Front Desk",42000,"Cash","Checked Out","17700","Breakfast Buffet",1200,4
"BK0137","Quirine Abdi","Nairobi","Kenyan",101,"Standard",5500,"2024-07-23","2024-07-23",2,"Kelvin Omondi","Front Desk",42000,"M-Pesa","checked out","11000","","",3
"BK0161","Alice Mwangi","Nairobi","Kenyan",102,"Standard",5500,"2024-09-07","2024-09-07",4,"Kelvin Omondi","Front Desk",42000,"M-Pesa","Checked Out","22000","","",4
"BK0005","Esther Njoroge","Nakuru","Kenyan",302,"Suite",15000,"2024-01-09","2024-01-09",4,"Moses Kipchoge","Restaurant",35000,"M-Pesa","Checked Out","60000","","",5
"BK0143","Carol Wanjiku","Kisumu","Kenyan",104,"Standard",5500,"2024-08-03","2024-08-03",3,"Peter Ngugi","Security",30000,"Card","Checked Out","16500","","",2
"BK0144","David Kamau","Nairobi","Kenyan",202,"Deluxe",8500,"2024-08-04","2024-08-04",2,"Joy Otieno","Management",120000,"Bank Transfer","Cancelled","17000","","",3
"BK0006","Felix Hassan","Nairobi","Kenyan",101,"Standard",5500,"2024-10-01","2024-10-01",5,"Amina Juma","Restaurant",65000,"Cash","Checked Out","27500","","",2
"BK0181","Alice Mwangi","Nairobi","Kenyan",103,"Standard",5500,"2024-10-06","2024-10-06",2,"Moses Kipchoge","Restaurant",35000,"M-Pesa","Checked Out","26000","Conference Room",15000,4
"BK0182","Brian Otieno","Mombasa","Kenyan",201,"Deluxe",8500,"2024-10-07","2024-10-07",1,"Amina Juma","Restaurant",65000,"Cash","Checked Out","8500","","",1
"BK0183","Carol Wanjiku","Kisumu","Kenyan",203,"Deluxe",8500,"2024-10-08","2024-10-08",2,"Peter Ngugi","Security",30000,"Card","Checked Out","17000","","",1
"BK0184","David Kamau","Nairobi","Kenyan",302,"Suite",15000,"2024-10-09","2024-10-09",3,"Joy Otieno","Management",120000,"Bank Transfer","Checked Out","45800","Laundry",800,5
"BK0277","Quirine Abdi","Nairobi","Kenyan",302,"Suite",15000,"2023-12-27","2023-12-27",5,"Moses Kipchoge","Restaurant",35000,"M-Pesa","checked out","76200","Breakfast Buffet",1200,5
"BK0048","Henry Korir","","Kenyan",301,"Suite",15000,"2024-03-09","2024-03-09",5,"Joy Otieno","Management",120000,"Bank Transfer","Cancelled","75000","","",1
"BK0239","Samuel Odhiambo","Kisumu","Kenyan",103,"Standard",5500,"2024-12-31","2024-12-31",5,"Peter Ngugi","Security","","Card","Checked Out","27500","","",4
"BK0167","Grace Achieng","Eldoret","Kenyan",401,"Penthouse",25000,"2024-09-16","2024-09-16",5,"Peter Ngugi","Security",30000,"Card","Checked Out","125000","","",1
"BK0168","Henry Korir","","Kenyan",102,"Standard",5500,"2024-09-17","2024-09-17",5,"Joy Otieno","Management",120000,"Bank Transfer","Cancelled","27500","","",4
"BK0169","Irene Chebet","Thika","Kenyan",302,"Suite",15000,"2024-09-20","2024-09-20",1,"Kelvin Omondi","Front Desk",42000,"M-Pesa","Checked Out","15500","Room Service",500,3
"BK0170","James Gitonga","Nairobi","Kenyan",101,"Standard",5500,"2024-09-21","2024-09-21",5,"Brenda Achieng","Front Desk",42000,"Cash","Checked Out","27500","","",1
"BK0171","Karen Adhiambo","Nairobi","Kenyan",103,"Standard",5500,"2024-09-22","2024-09-22",1,"Tony Karanja","Housekeeping",32000,"Card","Checked Out","5500","","",1
"BK0172","Liam Mutua","Machakos","Kenyan",201,"Deluxe",8500,"2024-09-23","2024-09-23",1,"Fatuma Hassan","Housekeeping",48000,"Bank Transfer","Checked Out","9700","Breakfast Buffet",1200,5
"BK0240","Tabitha Karanja","Nairobi","Kenyan",401,"Penthouse",25000,"","",4,"Joy Otieno","Management",120000,"Bank Transfer","Cancelled","100000","","",2
"BK0241","Alice Mwangi","Nairobi","Kenyan",102,"Standard",5500,"2023-06-11","2023-06-11",5,"Kelvin Omondi","Front Desk",42000,"M-Pesa","Checked Out","30000","Airport Pickup",2500,5
"BK0242","Brian Otieno","Mombasa","Kenyan",104,"Standard",5500,"2023-06-12","2023-06-12",1,"Brenda Achieng","Front Desk",42000,"Cash","Checked Out","5500","","",2
"BK0243","Carol Wanjiku","Kisumu","Kenyan",202,"Deluxe",8500,"2023-06-13","2023-06-13",5,"Tony Karanja","Housekeeping",32000,"Card","Checked Out","42500","","",1
"BK0261","Alice Mwangi","Nairobi","Kenyan",103,"Standard",5500,"2023-10-12","2023-10-12",3,"Moses Kipchoge","Restaurant",35000,"M-Pesa","Checked Out","16500","","",4
"BK0262","Brian Otieno","Mombasa","Kenyan",201,"Deluxe",8500,"2023-10-13","2023-10-13",5,"Amina Juma","Restaurant",65000,"Cash","Checked Out","45000","Airport Pickup",2500,2
"BK0263","Carol Wanjiku","Kisumu","Kenyan",103,"Standard",5500,"2023-11-11","2023-11-11",2,"Peter Ngugi","Security",30000,"Card","Checked Out","11000","","",5
"BK0264","David Kamau","Nairobi","Kenyan",201,"Deluxe",8500,"2023-11-12","2023-11-12",4,"Joy Otieno","Management",120000,"Bank Transfer","Cancelled","34000","","",3
"BK0265","Esther Njoroge","Nakuru","Kenyan",203,"Deluxe",8500,"2023-11-13","2023-11-13",2,"Kelvin Omondi","Front Desk",42000,"M-Pesa","Checked Out","32000","Conference Room",15000,2
"BK0224","David Kamau","Nairobi","Kenyan",203,"Deluxe",8500,"2024-12-09","2024-12-09",5,"Joy Otieno","Management",120000,"Bank Transfer","Checked Out","42500","","",3
"BK0225","Esther Njoroge","Nakuru","Kenyan",201,"Deluxe",8500,"2024-12-13","2024-12-13",5,"Kelvin Omondi","Front Desk",42000,"M-Pesa","Checked Out","42500","","",2
"BK0226","Felix Hassan","Nairobi","Kenyan",203,"Deluxe",8500,"2024-12-14","2024-12-14",2,"Brenda Achieng","Front Desk",42000,"Cash","Checked Out","17800","Laundry",800,3
"BK0227","Grace Achieng","Eldoret","Kenyan",302,"Suite",15000,"2024-12-15","2024-12-15",2,"Tony Karanja","Housekeeping",32000,"Card","Checked Out","30000","","",5
"BK0158","Rachel Mwenda","Meru","Kenyan",101,"Standard",5500,"2024-08-26","2024-08-26",3,"Amina Juma","Restaurant",65000,"Cash","Checked Out","16500","","",6
"BK0159","Samuel Odhiambo","Kisumu","Kenyan",103,"Standard",5500,"2024-08-27","2024-08-27",5,"Peter Ngugi","Security","","Card","Checked Out","27500","","",5
"BK0160","Tabitha Karanja","Nairobi","Kenyan",401,"Penthouse",25000,"","",4,"Joy Otieno","Management",120000,"Bank Transfer","No Show","115000","Conference Room",15000,5
"BK0115","Olivia Maina","Nairobi","Kenyan",203,"Deluxe",8500,"2024-06-17","2024-06-17",1,"Tony Karanja","Housekeeping",32000,"Card","Checked Out",",","Airport Pickup",2500,5
"BK0052","Liam Mutua","Machakos","Kenyan",102,"Standard",5500,"2024-03-15","2024-03-15",3,"Fatuma Hassan","Housekeeping",48000,"Bank Transfer","Checked Out","19000","Airport Pickup",2500,3
"BK0053","Mary Waweru","Nairobi","Kenyan",104,"Standard",5500,"2024-03-16","2024-03-16",2,"Moses Kipchoge","Restaurant",35000,"Mpesa","Checked Out","11000","","",2
"BK0054","Nathan Kipchoge","Eldoret","Kenyan",202,"Deluxe",8500,"2024-03-17","2024-03-17",4,"Amina Juma","Restaurant",65000,"Cash","Checked Out","KES 34000","","",3
"BK0017","Quirine Abdi","Nairobi","Kenyan",203,"Deluxe",8500,"2024-01-25","2024-01-25",5,"Kelvin Omondi","Front Desk",42000,"M-Pesa","checked out","42500","","",2
"BK0107","Grace Achieng","Eldoret","Kenyan",102,"Standard",5500,"2024-06-06","2024-06-06",1,"Tony Karanja","Housekeeping",32000,"Card","Checked Out","5500","","",3
"BK0108","Henry Korir","","Kenyan",301,"Suite",15000,"2024-06-08","2024-06-08",3,"Fatuma Hassan","Housekeeping",48000,"Bank Transfer","Cancelled","45000","","",1
"BK0018","Rachel Mwenda","Meru","Kenyan",302,"Suite",15000,"2024-01-26","2024-01-26",5,"Brenda Achieng","Front Desk",42000,"Cash","Checked Out","75000","","",6
"BK0138","Rachel Mwenda","Meru","Kenyan",301,"Suite",15000,"2024-07-26","2024-07-26",4,"Brenda Achieng","Front Desk",42000,"Cash","Checked Out","60000","","",6
"BK0145","Esther Njoroge","Nakuru","Kenyan",301,"Suite",15000,"2024-08-05","2024-08-05",2,"Kelvin Omondi","Front Desk",42000,"M-Pesa","Checked Out","33500","Spa Treatment",3500,1
"BK0109","Irene Chebet","Thika","Kenyan",401,"Penthouse",25000,"2024-06-09","2024-06-09",1,"Moses Kipchoge","Restaurant",35000,"M-Pesa","Checked Out","26200","Breakfast Buffet",1200,4
"BK0014","Nathan Kipchoge","Eldoret","Kenyan",202,"Deluxe",8500,"2024-01-20","2024-01-20",4,"Amina Juma","Restaurant",65000,"Cash","Checked Out","KES 34000","","",4
"BK0198","Rachel Mwenda","Meru","Kenyan",302,"Suite",15000,"2024-10-26","2024-10-26",5,"Amina Juma","Restaurant",65000,"Cash","Checked Out","75000","","",0
"BK0007","Grace Achieng","Eldoret","Kenyan",203,"Deluxe",8500,"2024-01-12","2024-01-12",5,"Peter Ngugi","Security",30000,"Card","Checked Out","43000","Swimming Pool",500,1
"BK0007","Grace Achieng","Eldoret","Kenyan",203,"Deluxe",8500,"2024-01-12","2024-01-12",5,"Peter Ngugi","Security",30000,"Card","Checked Out","43000","Swimming Pool",500,1
"BK0019","Samuel Odhiambo","Kisumu","Kenyan",101,"Standard",5500,"2024-01-27","2024-01-27",5,"Tony Karanja","Housekeeping","","Card","Checked Out","31000","Spa Treatment",3500,5
"BK0274","Nathan Kipchoge","Eldoret","Kenyan",302,"Suite",15000,"2023-12-25","2023-12-25",4,"Brenda Achieng","Front Desk",42000,"Cash","Checked Out","KES 60500","Room Service",500,2
"BK0196","Patrick Ngugi","Nyeri","Kenyan",101,"Standard",5500,"2024-10-23","2024-10-23",4,"Fatuma Hassan","Housekeeping",48000,"Bank Transfer","Checked Out","22500","Swimming Pool",500,1
"BK0197","Quirine Abdi","Nairobi","Kenyan",203,"Deluxe",8500,"2024-10-25","2024-10-25",4,"Moses Kipchoge","Restaurant",35000,"M-Pesa","checked out","34000","","",4
"BK0198","Rachel Mwenda","Meru","Kenyan",302,"Suite",15000,"2024-10-26","2024-10-26",5,"Amina Juma","Restaurant",65000,"Cash","Checked Out","75000","","",0
"BK0199","Samuel Odhiambo","Kisumu","Kenyan",101,"Standard",5500,"2024-10-27","2024-10-27",3,"Peter Ngugi","Security","","Card","Checked Out","19000","Airport Pickup",2500,1
"BK0201","Alice Mwangi","Nairobi","Kenyan",201,"Deluxe",8500,"2024-10-29","2024-10-29",2,"Kelvin Omondi","Front Desk",42000,"M-Pesa","Checked Out","17000","","",1
"BK0097","Quirine Abdi","Nairobi","Kenyan",203,"Deluxe",8500,"2024-05-24","2024-05-24",1,"Kelvin Omondi","Front Desk",42000,"M-Pesa","checked out","23500","Conference Room",15000,4
"BK0098","Rachel Mwenda","Meru","Kenyan",302,"Suite",15000,"2024-05-25","2024-05-25",4,"Brenda Achieng","Front Desk",42000,"Cash","Checked Out","60000","","",6
"BK0025","Esther Njoroge","Nakuru","Kenyan",302,"Suite",15000,"2024-02-07","2024-02-07",3,"Kelvin Omondi","Front Desk",42000,"M-Pesa","Checked Out","46200","Breakfast Buffet",1200,1
"BK0026","Felix Hassan","Nairobi","Kenyan",202,"Deluxe",8500,"2024-10-02","2024-10-02",4,"Brenda Achieng","Front Desk",42000,"Cash","Checked Out","34000","","",4
"BK0086","Felix Hassan","Nairobi","Kenyan",301,"Suite",15000,"2024-05-05","2024-05-05",3,"Amina Juma","Restaurant",65000,"Cash","Checked Out","45000","","",4
"BK0087","Grace Achieng","Eldoret","Kenyan",401,"Penthouse",25000,"2024-05-06","2024-05-06",2,"Peter Ngugi","Security",30000,"Card","Checked Out","50000","","",5
"BK0088","Henry Korir","","Kenyan",301,"Suite",15000,"2024-05-10","2024-05-10",2,"Joy Otieno","Management",120000,"Bank Transfer","Checked Out","31200","Breakfast Buffet",1200,3
"BK0008","Henry Korir","","Kenyan",302,"Suite",15000,"2024-01-13","2024-01-13",2,"Joy Otieno","Management",120000,"Bank Transfer","Checked Out","30000","","",4
"BK0250","James Gitonga","Nairobi","Kenyan",401,"Penthouse",25000,"2023-08-20","2023-08-20",2,"Brenda Achieng","Front Desk",42000,"Cash","Checked Out","53500","Spa Treatment",3500,4
"BK0251","Karen Adhiambo","Nairobi","Kenyan",102,"Standard",5500,"2023-08-21","2023-08-21",4,"Tony Karanja","Housekeeping",32000,"Card","Checked Out","22000","","",3
"BK0252","Liam Mutua","Machakos","Kenyan",104,"Standard",5500,"2023-08-22","2023-08-22",5,"Fatuma Hassan","Housekeeping",48000,"Bank Transfer","Cancelled","27500","","",2
"BK0009","Irene Chebet","Thika","Kenyan",101,"Standard",5500,"2024-01-14","2024-01-14",4,"Kelvin Omondi","Front Desk",42000,"M-Pesa","Checked Out","22000","","",3
"BK0081","Alice Mwangi","Nairobi","Kenyan",103,"Standard",5500,"2024-04-28","2024-04-28",5,"Kelvin Omondi","Front Desk",42000,"M-Pesa","Checked Out","27500","","",5
"BK0082","Brian Otieno","Mombasa","Kenyan",201,"Deluxe",8500,"2024-04-29","2024-04-29",2,"Brenda Achieng","Front Desk",42000,"Cash","Checked Out","20500","Spa Treatment",3500,2
"BK0030","James Gitonga","Nairobi","Kenyan",104,"Standard",5500,"2024-02-14","2024-02-14",2,"Amina Juma","Restaurant",65000,"Cash","Checked Out","11000","","",2
"BK0031","Karen Adhiambo","Nairobi","Kenyan",202,"Deluxe",8500,"2024-02-15","2024-02-15",5,"Peter Ngugi","Security",30000,"Card","Checked Out","45000","Airport Pickup",2500,4
"BK0027","Grace Achieng","Eldoret","Kenyan",301,"Suite",15000,"2024-02-11","2024-02-11",5,"Tony Karanja","Housekeeping",32000,"Card","Checked Out","75000","","",5
"BK0028","Henry Korir","","Kenyan",401,"Penthouse",25000,"2024-02-12","2024-02-12",3,"Fatuma Hassan","Housekeeping",48000,"Bank Transfer","Checked Out","75500","Swimming Pool",500,4
"BK0029","Irene Chebet","Thika","Kenyan",102,"Standard",5500,"2024-02-13","2024-02-13",5,"Moses Kipchoge","Restaurant",35000,"M-Pesa","Checked Out","27500","","",1
"BK0050","James Gitonga","Nairobi","Kenyan",102,"Standard",5500,"2024-03-11","2024-03-11",1,"Brenda Achieng","Front Desk",42000,"Cash","Checked Out","5500","","",5
"BK0202","Brian Otieno","Mombasa","Kenyan",102,"Standard",5500,"2024-11-01","2024-11-01",2,"Brenda Achieng","Front Desk",42000,"Cash","Checked Out","26000","Conference Room",15000,3
"BK0151","Karen Adhiambo","Nairobi","Kenyan",101,"Standard",5500,"2024-08-16","2024-08-16",2,"Peter Ngugi","Security",30000,"Card","Checked Out","12200","Breakfast Buffet",1200,5
"BK0152","Liam Mutua","Machakos","Kenyan",103,"Standard",5500,"2024-08-17","2024-08-17",1,"Joy Otieno","Management",120000,"Bank Transfer","Checked Out","5500","","",3
"BK0153","Mary Waweru","Nairobi","Kenyan",201,"Deluxe",8500,"2024-08-18","2024-08-18",1,"Kelvin Omondi","Front Desk",42000,"Mpesa","Checked Out","8500","","",3
"BK0154","Nathan Kipchoge","Eldoret","Kenyan",203,"Deluxe",8500,"2024-08-19","2024-08-19",2,"Brenda Achieng","Front Desk",42000,"Cash","Checked Out","KES 17500","Swimming Pool",500,5
"BK0155","Olivia Maina","Nairobi","Kenyan",201,"Deluxe",8500,"2024-08-23","2024-08-23",1,"Tony Karanja","Housekeeping",32000,"Card","Checked Out","8,500","","",2
"BK0197","Quirine Abdi","Nairobi","Kenyan",203,"Deluxe",8500,"2024-10-25","2024-10-25",4,"Moses Kipchoge","Restaurant",35000,"M-Pesa","checked out","34000","","",4
"BK0199","Samuel Odhiambo","Kisumu","Kenyan",101,"Standard",5500,"2024-10-27","2024-10-27",3,"Peter Ngugi","Security","","Card","Checked Out","19000","Airport Pickup",2500,1
"BK0015","Olivia Maina","Nairobi","Kenyan",301,"Suite",15000,"2024-01-21","2024-01-21",3,"Peter Ngugi","Security",30000,"Card","Checked Out",",","","",1
"BK0139","Samuel Odhiambo","Kisumu","Kenyan",401,"Penthouse",25000,"2024-07-27","2024-07-27",2,"Tony Karanja","Housekeeping","","Card","Checked Out","65000","Conference Room",15000,4
"BK0140","Tabitha Karanja","Nairobi","Kenyan",102,"Standard",5500,"","",2,"Fatuma Hassan","Housekeeping",48000,"Bank Transfer","No Show","11000","","",3
"BK0141","Alice Mwangi","Nairobi","Kenyan",104,"Standard",5500,"2024-07-29","2024-07-29",3,"Moses Kipchoge","Restaurant",35000,"M-Pesa","Checked Out","16500","","",5
"BK0260","Tabitha Karanja","Nairobi","Kenyan",101,"Standard",5500,"","",5,"Fatuma Hassan","Housekeeping",48000,"Bank Transfer","No Show","27500","","",4
"BK0014","Nathan Kipchoge","Eldoret","Kenyan",202,"Deluxe",8500,"2024-01-20","2024-01-20",4,"Amina Juma","Restaurant",65000,"Cash","Checked Out","KES 34000","","",4
"BK0218","Rachel Mwenda","Meru","Kenyan",302,"Suite",15000,"2024-11-23","2024-11-23",5,"Brenda Achieng","Front Desk",42000,"Cash","Checked Out","75000","","",6
"BK0219","Samuel Odhiambo","Kisumu","Kenyan",101,"Standard",5500,"2024-11-24","2024-11-24",5,"Tony Karanja","Housekeeping","","Card","Checked Out","27500","","",2
"BK0161","Alice Mwangi","Nairobi","Kenyan",102,"Standard",5500,"2024-09-07","2024-09-07",4,"Kelvin Omondi","Front Desk",42000,"M-Pesa","Checked Out","22000","","",4
"BK0162","Brian Otieno","Mombasa","Kenyan",104,"Standard",5500,"2024-09-08","2024-09-08",3,"Brenda Achieng","Front Desk",42000,"Cash","Checked Out","16500","","",4
"BK0163","Carol Wanjiku","Kisumu","Kenyan",202,"Deluxe",8500,"2024-09-09","2024-09-09",3,"Tony Karanja","Housekeeping",32000,"Card","Checked Out","26300","Laundry",800,2
"BK0273","Mary Waweru","Nairobi","Kenyan",203,"Deluxe",8500,"2023-12-24","2023-12-24",5,"Kelvin Omondi","Front Desk",42000,"Mpesa","Checked Out","42500","","",4
"BK0006","Felix Hassan","Nairobi","Kenyan",101,"Standard",5500,"2024-10-01","2024-10-01",5,"Amina Juma","Restaurant",65000,"Cash","Checked Out","27500","","",2
"BK0010","James Gitonga","Nairobi","Kenyan",103,"Standard",5500,"2024-01-15","2024-01-15",2,"Brenda Achieng","Front Desk",42000,"Cash","Checked Out","13500","Airport Pickup",2500,3
"BK0011","Karen Adhiambo","Nairobi","Kenyan",201,"Deluxe",8500,"2024-01-16","2024-01-16",1,"Tony Karanja","Housekeeping",32000,"Card","Checked Out","8500","","",1
"BK0055","Olivia Maina","Nairobi","Kenyan",301,"Suite",15000,"2024-03-18","2024-03-18",4,"Peter Ngugi","Security",30000,"Card","Checked Out",",","Conference Room",15000,2
"BK0056","Patrick Ngugi","Nyeri","Kenyan",202,"Deluxe",8500,"2024-03-22","2024-03-22",4,"Joy Otieno","Management",120000,"Bank Transfer","Checked Out","34000","","",4
"BK0057","Quirine Abdi","Nairobi","Kenyan",301,"Suite",15000,"2024-03-23","2024-03-23",4,"Kelvin Omondi","Front Desk",42000,"M-Pesa","checked out","60000","","",1
"BK0104","David Kamau","Nairobi","Kenyan",202,"Deluxe",8500,"2024-06-03","2024-06-03",5,"Joy Otieno","Management",120000,"Bank Transfer","Checked Out","42500","","",1
"BK0236","Patrick Ngugi","Nyeri","Kenyan",203,"Deluxe",8500,"2024-12-28","2024-12-28",1,"Fatuma Hassan","Housekeeping",48000,"Bank Transfer","Checked Out","8500","","",3
"BK0114","Nathan Kipchoge","Eldoret","Kenyan",201,"Deluxe",8500,"2024-06-16","2024-06-16",1,"Brenda Achieng","Front Desk",42000,"Cash","Checked Out","KES 8500","","",4
"BK0164","David Kamau","Nairobi","Kenyan",104,"Standard",5500,"2024-09-13","2024-09-13",2,"Fatuma Hassan","Housekeeping",48000,"Bank Transfer","Checked Out","11000","","",2
"BK0165","Esther Njoroge","Nakuru","Kenyan",202,"Deluxe",8500,"2024-09-14","2024-09-14",2,"Moses Kipchoge","Restaurant",35000,"M-Pesa","Checked Out","17000","","",3
"BK0166","Felix Hassan","Nairobi","Kenyan",301,"Suite",15000,"2024-09-15","2024-09-15",3,"Amina Juma","Restaurant",65000,"Cash","Checked Out","48500","Spa Treatment",3500,5
"BK0227","Grace Achieng","Eldoret","Kenyan",302,"Suite",15000,"2024-12-15","2024-12-15",2,"Tony Karanja","Housekeeping",32000,"Card","Checked Out","30000","","",5
"BK0228","Henry Korir","","Kenyan",101,"Standard",5500,"2024-12-16","2024-12-16",4,"Fatuma Hassan","Housekeeping",48000,"Bank Transfer","Cancelled","22000","","",3
"BK0229","Irene Chebet","Thika","Kenyan",302,"Suite",15000,"2024-12-20","2024-12-20",4,"Moses Kipchoge","Restaurant",35000,"M-Pesa","Checked Out","63500","Spa Treatment",3500,3
"BK0230","James Gitonga","Nairobi","Kenyan",101,"Standard",5500,"2024-12-21","2024-12-21",4,"Amina Juma","Restaurant",65000,"Cash","Checked Out","22000","","",3
"BK0231","Karen Adhiambo","Nairobi","Kenyan",103,"Standard",5500,"2024-12-22","2024-12-22",1,"Peter Ngugi","Security",30000,"Card","Checked Out","5500","","",4
"BK0232","Liam Mutua","Machakos","Kenyan",201,"Deluxe",8500,"2024-12-23","2024-12-23",2,"Joy Otieno","Management",120000,"Bank Transfer","Checked Out","17500","Room Service",500,4
"BK0233","Mary Waweru","Nairobi","Kenyan",203,"Deluxe",8500,"2024-12-24","2024-12-24",3,"Kelvin Omondi","Front Desk",42000,"Mpesa","Checked Out","25500","","",4
"BK0234","Nathan Kipchoge","Eldoret","Kenyan",302,"Suite",15000,"2024-12-25","2024-12-25",5,"Brenda Achieng","Front Desk",42000,"Cash","Checked Out","KES 75000","","",1
"BK0235","Olivia Maina","Nairobi","Kenyan",201,"Deluxe",8500,"2024-12-27","2024-12-27",3,"Tony Karanja","Housekeeping",32000,"Card","Checked Out","26,700","Breakfast Buffet",1200,4
"BK0236","Patrick Ngugi","Nyeri","Kenyan",203,"Deluxe",8500,"2024-12-28","2024-12-28",1,"Fatuma Hassan","Housekeeping",48000,"Bank Transfer","Checked Out","8500","","",3
"BK0237","Quirine Abdi","Nairobi","Kenyan",302,"Suite",15000,"2024-12-29","2024-12-29",3,"Moses Kipchoge","Restaurant",35000,"M-Pesa","checked out","45000","","",3
"BK0253","Mary Waweru","Nairobi","Kenyan",202,"Deluxe",8500,"2023-08-23","2023-08-23",4,"Moses Kipchoge","Restaurant",35000,"Mpesa","Checked Out","34500","Room Service",500,1
"BK0254","Nathan Kipchoge","Eldoret","Kenyan",104,"Standard",5500,"2023-09-05","2023-09-05",3,"Amina Juma","Restaurant",65000,"Cash","Checked Out","KES 16500","","",2
"BK0060","Tabitha Karanja","Nairobi","Kenyan",401,"Penthouse",25000,"","",5,"Fatuma Hassan","Housekeeping",48000,"Bank Transfer","Cancelled","125000","","",1
"BK0034","Nathan Kipchoge","Eldoret","Kenyan",202,"Deluxe",8500,"2024-02-19","2024-02-19",4,"Brenda Achieng","Front Desk",42000,"Cash","Checked Out","KES 49000","Conference Room",15000,4
"BK0112","Liam Mutua","Machakos","Kenyan",202,"Deluxe",8500,"2024-06-12","2024-06-12",5,"Joy Otieno","Management",120000,"Bank Transfer","Checked Out","43000","Swimming Pool",500,1
"BK0113","Mary Waweru","Nairobi","Kenyan",103,"Standard",5500,"2024-06-15","2024-06-15",3,"Kelvin Omondi","Front Desk",42000,"Mpesa","Checked Out","16500","","",4
"BK0114","Nathan Kipchoge","Eldoret","Kenyan",201,"Deluxe",8500,"2024-06-16","2024-06-16",1,"Brenda Achieng","Front Desk",42000,"Cash","Checked Out","KES 8500","","",4
"BK0139","Samuel Odhiambo","Kisumu","Kenyan",401,"Penthouse",25000,"2024-07-27","2024-07-27",2,"Tony Karanja","Housekeeping","","Card","Checked Out","65000","Conference Room",15000,4
"BK0111","Karen Adhiambo","Nairobi","Kenyan",104,"Standard",5500,"2024-06-11","2024-06-11",1,"Peter Ngugi","Security",30000,"Card","Checked Out","5500","","",5
"BK0069","Irene Chebet","Thika","Kenyan",102,"Standard",5500,"2024-04-08","2024-04-08",3,"Moses Kipchoge","Restaurant",35000,"M-Pesa","Checked Out","16500","","",1
"BK0147","Grace Achieng","Eldoret","Kenyan",203,"Deluxe",8500,"2024-08-09","2024-08-09",3,"Tony Karanja","Housekeeping",32000,"Card","Checked Out","25500","","",4
"BK0148","Henry Korir","","Kenyan",302,"Suite",15000,"2024-08-10","2024-08-10",2,"Fatuma Hassan","Housekeeping",48000,"Bank Transfer","Checked Out","30500","Room Service",500,1
"BK0149","Irene Chebet","Thika","Kenyan",101,"Standard",5500,"2024-08-11","2024-08-11",2,"Moses Kipchoge","Restaurant",35000,"M-Pesa","Checked Out","11000","","",1
"BK0150","James Gitonga","Nairobi","Kenyan",103,"Standard",5500,"2024-08-12","2024-08-12",3,"Amina Juma","Restaurant",65000,"Cash","Checked Out","16500","","",5
"BK0015","Olivia Maina","Nairobi","Kenyan",301,"Suite",15000,"2024-01-21","2024-01-21",3,"Peter Ngugi","Security",30000,"Card","Checked Out",",","","",1
"BK0164","David Kamau","Nairobi","Kenyan",104,"Standard",5500,"2024-09-13","2024-09-13",2,"Fatuma Hassan","Housekeeping",48000,"Bank Transfer","Checked Out","11000","","",2
"BK0165","Esther Njoroge","Nakuru","Kenyan",202,"Deluxe",8500,"2024-09-14","2024-09-14",2,"Moses Kipchoge","Restaurant",35000,"M-Pesa","Checked Out","17000","","",3
"BK0184","David Kamau","Nairobi","Kenyan",302,"Suite",15000,"2024-10-09","2024-10-09",3,"Joy Otieno","Management",120000,"Bank Transfer","Checked Out","45800","Laundry",800,5
"BK0185","Esther Njoroge","Nakuru","Kenyan",201,"Deluxe",8500,"2024-10-11","2024-10-11",4,"Kelvin Omondi","Front Desk",42000,"M-Pesa","Checked Out","34000","","",5
"BK0186","Felix Hassan","Nairobi","Kenyan",203,"Deluxe",8500,"2024-12-10","2024-12-10",1,"Brenda Achieng","Front Desk",42000,"Cash","Checked Out","8500","","",4
"BK0274","Nathan Kipchoge","Eldoret","Kenyan",302,"Suite",15000,"2023-12-25","2023-12-25",4,"Brenda Achieng","Front Desk",42000,"Cash","Checked Out","KES 60500","Room Service",500,2
"BK0275","Olivia Maina","Nairobi","Kenyan",201,"Deluxe",8500,"2023-12-25","2023-12-25",4,"Tony Karanja","Housekeeping",32000,"Card","Checked Out",",","","",4
"BK0276","Patrick Ngugi","Nyeri","Kenyan",203,"Deluxe",8500,"2023-12-26","2023-12-26",3,"Fatuma Hassan","Housekeeping",48000,"Bank Transfer","Cancelled","25500","","",3
"BK0092","Liam Mutua","Machakos","Kenyan",102,"Standard",5500,"2024-05-17","2024-05-17",4,"Fatuma Hassan","Housekeeping",48000,"Bank Transfer","Checked Out","22000","","",3
"BK0093","Mary Waweru","Nairobi","Kenyan",104,"Standard",5500,"2024-05-18","2024-05-18",1,"Moses Kipchoge","Restaurant",35000,"Mpesa","Checked Out","5500","","",3
"BK0094","Nathan Kipchoge","Eldoret","Kenyan",202,"Deluxe",8500,"2024-05-19","2024-05-19",2,"Amina Juma","Restaurant",65000,"Cash","Checked Out","KES 19500","Airport Pickup",2500,1
"BK0095","Olivia Maina","Nairobi","Kenyan",301,"Suite",15000,"2024-05-20","2024-05-20",4,"Peter Ngugi","Security",30000,"Card","Checked Out",",","","",2
"BK0096","Patrick Ngugi","Nyeri","Kenyan",401,"Penthouse",25000,"2024-05-21","2024-05-21",1,"Joy Otieno","Management",120000,"Bank Transfer","Cancelled","25000","","",1
"BK0045","Esther Njoroge","Nakuru","Kenyan",203,"Deluxe",8500,"2024-03-04","2024-03-04",3,"Moses Kipchoge","Restaurant",35000,"M-Pesa","Checked Out","25500","","",1
"BK0046","Felix Hassan","Nairobi","Kenyan",302,"Suite",15000,"2024-05-03","2024-05-03",4,"Amina Juma","Restaurant",65000,"Cash","Checked Out","61200","Breakfast Buffet",1200,1
"BK0047","Grace Achieng","Eldoret","Kenyan",101,"Standard",5500,"2024-03-06","2024-03-06",2,"Peter Ngugi","Security",30000,"Card","Checked Out","11000","","",1
"BK0049","Irene Chebet","Thika","Kenyan",401,"Penthouse",25000,"2024-03-10","2024-03-10",3,"Kelvin Omondi","Front Desk",42000,"M-Pesa","Checked Out","75500","Swimming Pool",500,4
"BK0050","James Gitonga","Nairobi","Kenyan",102,"Standard",5500,"2024-03-11","2024-03-11",1,"Brenda Achieng","Front Desk",42000,"Cash","Checked Out","5500","","",5
"BK0192","Liam Mutua","Machakos","Kenyan",103,"Standard",5500,"2024-10-19","2024-10-19",3,"Joy Otieno","Management",120000,"Bank Transfer","Cancelled","16500","","",5
"BK0193","Mary Waweru","Nairobi","Kenyan",201,"Deluxe",8500,"2024-10-20","2024-10-20",4,"Kelvin Omondi","Front Desk",42000,"Mpesa","Checked Out","35200","Breakfast Buffet",1200,3
"BK0099","Samuel Odhiambo","Kisumu","Kenyan",101,"Standard",5500,"2024-05-26","2024-05-26",3,"Tony Karanja","Housekeeping","","Card","Checked Out","16500","","",5
"BK0223","Carol Wanjiku","Kisumu","Kenyan",201,"Deluxe",8500,"2024-12-08","2024-12-08",4,"Peter Ngugi","Security",30000,"Card","Checked Out","49000","Conference Room",15000,2
"BK0228","Henry Korir","","Kenyan",101,"Standard",5500,"2024-12-16","2024-12-16",4,"Fatuma Hassan","Housekeeping",48000,"Bank Transfer","Cancelled","22000","","",3
"BK0229","Irene Chebet","Thika","Kenyan",302,"Suite",15000,"2024-12-20","2024-12-20",4,"Moses Kipchoge","Restaurant",35000,"M-Pesa","Checked Out","63500","Spa Treatment",3500,3
"BK0230","James Gitonga","Nairobi","Kenyan",101,"Standard",5500,"2024-12-21","2024-12-21",4,"Amina Juma","Restaurant",65000,"Cash","Checked Out","22000","","",3
"BK0231","Karen Adhiambo","Nairobi","Kenyan",103,"Standard",5500,"2024-12-22","2024-12-22",1,"Peter Ngugi","Security",30000,"Card","Checked Out","5500","","",4
"BK0232","Liam Mutua","Machakos","Kenyan",201,"Deluxe",8500,"2024-12-23","2024-12-23",2,"Joy Otieno","Management",120000,"Bank Transfer","Checked Out","17500","Room Service",500,4
"BK0233","Mary Waweru","Nairobi","Kenyan",203,"Deluxe",8500,"2024-12-24","2024-12-24",3,"Kelvin Omondi","Front Desk",42000,"Mpesa","Checked Out","25500","","",4
"BK0254","Nathan Kipchoge","Eldoret","Kenyan",104,"Standard",5500,"2023-09-05","2023-09-05",3,"Amina Juma","Restaurant",65000,"Cash","Checked Out","KES 16500","","",2
"BK0271","Karen Adhiambo","Nairobi","Kenyan",103,"Standard",5500,"2023-12-22","2023-12-22",4,"Peter Ngugi","Security",30000,"Card","Checked Out","25500","Spa Treatment",3500,1
"BK0272","Liam Mutua","Machakos","Kenyan",201,"Deluxe",8500,"2023-12-23","2023-12-23",2,"Joy Otieno","Management",120000,"Bank Transfer","Checked Out","17000","","",5
"BK0200","Tabitha Karanja","Nairobi","Kenyan",103,"Standard",5500,"","",4,"Joy Otieno","Management",120000,"Bank Transfer","No Show","22000","","",4
"BK0125","Esther Njoroge","Nakuru","Kenyan",203,"Deluxe",8500,"2024-07-07","2024-07-07",1,"Moses Kipchoge","Restaurant",35000,"M-Pesa","Checked Out","8500","","",1
"BK0126","Felix Hassan","Nairobi","Kenyan",302,"Suite",15000,"2024-08-07","2024-08-07",4,"Amina Juma","Restaurant",65000,"Cash","Checked Out","60000","","",1
"BK0127","Grace Achieng","Eldoret","Kenyan",203,"Deluxe",8500,"2024-07-12","2024-07-12",2,"Peter Ngugi","Security",30000,"Card","Checked Out","17500","Room Service",500,1
"BK0128","Henry Korir","","Kenyan",302,"Suite",15000,"2024-07-13","2024-07-13",5,"Joy Otieno","Management",120000,"Bank Transfer","Checked Out","75000","","",2
"BK0247","Grace Achieng","Eldoret","Kenyan",401,"Penthouse",25000,"2023-07-18","2023-07-18",1,"Peter Ngugi","Security",30000,"Card","Checked Out","25800","Laundry",800,4
"BK0044","David Kamau","Nairobi","Kenyan",201,"Deluxe",8500,"2024-03-03","2024-03-03",4,"Fatuma Hassan","Housekeeping",48000,"Bank Transfer","Checked Out","34000","","",5
"BK0045","Esther Njoroge","Nakuru","Kenyan",203,"Deluxe",8500,"2024-03-04","2024-03-04",3,"Moses Kipchoge","Restaurant",35000,"M-Pesa","Checked Out","25500","","",1
"BK0046","Felix Hassan","Nairobi","Kenyan",302,"Suite",15000,"2024-05-03","2024-05-03",4,"Amina Juma","Restaurant",65000,"Cash","Checked Out","61200","Breakfast Buffet",1200,1
"BK0047","Grace Achieng","Eldoret","Kenyan",101,"Standard",5500,"2024-03-06","2024-03-06",2,"Peter Ngugi","Security",30000,"Card","Checked Out","11000","","",1
"BK0021","Alice Mwangi","Nairobi","Kenyan",101,"Standard",5500,"2024-02-03","2024-02-03",3,"Moses Kipchoge","Restaurant",35000,"M-Pesa","Checked Out","16500","","",2
"BK0022","Brian Otieno","Mombasa","Kenyan",103,"Standard",5500,"2024-02-04","2024-02-04",5,"Amina Juma","Restaurant",65000,"Cash","Checked Out","28000","Room Service",500,5
"BK0023","Carol Wanjiku","Kisumu","Kenyan",201,"Deluxe",8500,"2024-02-05","2024-02-05",1,"Peter Ngugi","Security",30000,"Card","Checked Out","8500","","",1
"BK0024","David Kamau","Nairobi","Kenyan",203,"Deluxe",8500,"2024-02-06","2024-02-06",2,"Joy Otieno","Management",120000,"Bank Transfer","Cancelled","17000","","",5
"BK0213","Mary Waweru","Nairobi","Kenyan",104,"Standard",5500,"2024-11-16","2024-11-16",1,"Moses Kipchoge","Restaurant",35000,"Mpesa","Checked Out","5500","","",2
"BK0214","Nathan Kipchoge","Eldoret","Kenyan",202,"Deluxe",8500,"2024-11-17","2024-11-17",4,"Amina Juma","Restaurant",65000,"Cash","Checked Out","KES 35200","Breakfast Buffet",1200,4
"BK0267","Grace Achieng","Eldoret","Kenyan",101,"Standard",5500,"2023-11-15","2023-11-15",4,"Tony Karanja","Housekeeping",32000,"Card","Checked Out","22000","","",2
"BK0221","Alice Mwangi","Nairobi","Kenyan",101,"Standard",5500,"2024-12-06","2024-12-06",5,"Moses Kipchoge","Restaurant",35000,"M-Pesa","Checked Out","27500","","",1
"BK0222","Brian Otieno","Mombasa","Kenyan",103,"Standard",5500,"2024-12-07","2024-12-07",4,"Amina Juma","Restaurant",65000,"Cash","Checked Out","22000","","",5
"BK0004","David Kamau","Nairobi","Kenyan",203,"Deluxe",8500,"2024-01-08","2024-01-08",2,"Fatuma Hassan","Housekeeping",48000,"Bank Transfer","Checked Out","18200","Breakfast Buffet",1200,3
"BK0089","Irene Chebet","Thika","Kenyan",401,"Penthouse",25000,"2024-05-11","2024-05-11",1,"Kelvin Omondi","Front Desk",42000,"M-Pesa","Checked Out","25000","","",2
"BK0090","James Gitonga","Nairobi","Kenyan",102,"Standard",5500,"2024-05-12","2024-05-12",4,"Brenda Achieng","Front Desk",42000,"Cash","Checked Out","22000","","",1
"BK0091","Karen Adhiambo","Nairobi","Kenyan",104,"Standard",5500,"2024-05-13","2024-05-13",1,"Tony Karanja","Housekeeping",32000,"Card","Checked Out","6000","Swimming Pool",500,1
"BK0092","Liam Mutua","Machakos","Kenyan",102,"Standard",5500,"2024-05-17","2024-05-17",4,"Fatuma Hassan","Housekeeping",48000,"Bank Transfer","Checked Out","22000","","",3
"BK0093","Mary Waweru","Nairobi","Kenyan",104,"Standard",5500,"2024-05-18","2024-05-18",1,"Moses Kipchoge","Restaurant",35000,"Mpesa","Checked Out","5500","","",3
"BK0094","Nathan Kipchoge","Eldoret","Kenyan",202,"Deluxe",8500,"2024-05-19","2024-05-19",2,"Amina Juma","Restaurant",65000,"Cash","Checked Out","KES 19500","Airport Pickup",2500,1
"BK0096","Patrick Ngugi","Nyeri","Kenyan",401,"Penthouse",25000,"2024-05-21","2024-05-21",1,"Joy Otieno","Management",120000,"Bank Transfer","Cancelled","25000","","",1
"BK0145","Esther Njoroge","Nakuru","Kenyan",301,"Suite",15000,"2024-08-05","2024-08-05",2,"Kelvin Omondi","Front Desk",42000,"M-Pesa","Checked Out","33500","Spa Treatment",3500,1
"BK0146","Felix Hassan","Nairobi","Kenyan",401,"Penthouse",25000,"2024-06-08","2024-06-08",4,"Brenda Achieng","Front Desk",42000,"Cash","Checked Out","100000","","",1
"BK0110","James Gitonga","Nairobi","Kenyan",102,"Standard",5500,"2024-06-10","2024-06-10",1,"Amina Juma","Restaurant",65000,"Cash","Checked Out","5500","","",4
"BK0111","Karen Adhiambo","Nairobi","Kenyan",104,"Standard",5500,"2024-06-11","2024-06-11",1,"Peter Ngugi","Security",30000,"Card","Checked Out","5500","","",5
"BK0208","Henry Korir","","Kenyan",401,"Penthouse",25000,"2024-11-10","2024-11-10",3,"Joy Otieno","Management",120000,"Bank Transfer","Checked Out","78500","Spa Treatment",3500,4
"BK0209","Irene Chebet","Thika","Kenyan",102,"Standard",5500,"2024-11-11","2024-11-11",1,"Kelvin Omondi","Front Desk",42000,"M-Pesa","Checked Out","5500","","",2
"BK0212","Liam Mutua","Machakos","Kenyan",102,"Standard",5500,"2024-11-15","2024-11-15",5,"Fatuma Hassan","Housekeeping",48000,"Bank Transfer","Checked Out","27500","","",3
"BK0187","Grace Achieng","Eldoret","Kenyan",302,"Suite",15000,"2024-10-13","2024-10-13",1,"Tony Karanja","Housekeeping",32000,"Card","Checked Out","18500","Spa Treatment",3500,4
"BK0224","David Kamau","Nairobi","Kenyan",203,"Deluxe",8500,"2024-12-09","2024-12-09",5,"Joy Otieno","Management",120000,"Bank Transfer","Checked Out","42500","","",3
"BK0225","Esther Njoroge","Nakuru","Kenyan",201,"Deluxe",8500,"2024-12-13","2024-12-13",5,"Kelvin Omondi","Front Desk",42000,"M-Pesa","Checked Out","42500","","",2
"BK0226","Felix Hassan","Nairobi","Kenyan",203,"Deluxe",8500,"2024-12-14","2024-12-14",2,"Brenda Achieng","Front Desk",42000,"Cash","Checked Out","17800","Laundry",800,3
"BK0249","Irene Chebet","Thika","Kenyan",104,"Standard",5500,"2023-07-20","2023-07-20",4,"Kelvin Omondi","Front Desk",42000,"M-Pesa","Checked Out","22000","","",4
"BK0072","Liam Mutua","Machakos","Kenyan",104,"Standard",5500,"2024-04-14","2024-04-14",4,"Joy Otieno","Management",120000,"Bank Transfer","Cancelled","22000","","",3
"BK0099","Samuel Odhiambo","Kisumu","Kenyan",101,"Standard",5500,"2024-05-26","2024-05-26",3,"Tony Karanja","Housekeeping","","Card","Checked Out","16500","","",5
"BK0119","Samuel Odhiambo","Kisumu","Kenyan",101,"Standard",5500,"2024-06-24","2024-06-24",1,"Peter Ngugi","Security","","Card","Checked Out","5500","","",4
"BK0120","Tabitha Karanja","Nairobi","Kenyan",103,"Standard",5500,"","",3,"Joy Otieno","Management",120000,"Bank Transfer","Cancelled","16500","","",5
"BK0248","Henry Korir","","Kenyan",102,"Standard",5500,"2023-07-19","2023-07-19",1,"Joy Otieno","Management",120000,"Bank Transfer","Checked Out","5500","","",5
"BK0075","Olivia Maina","Nairobi","Kenyan",202,"Deluxe",8500,"2024-04-20","2024-04-20",4,"Tony Karanja","Housekeeping",32000,"Card","Checked Out",",","","",1
"BK0103","Carol Wanjiku","Kisumu","Kenyan",104,"Standard",5500,"2024-06-02","2024-06-02",2,"Peter Ngugi","Security",30000,"Card","Checked Out","14500","Spa Treatment",3500,5
"BK0193","Mary Waweru","Nairobi","Kenyan",201,"Deluxe",8500,"2024-10-20","2024-10-20",4,"Kelvin Omondi","Front Desk",42000,"Mpesa","Checked Out","35200","Breakfast Buffet",1200,3
"BK0194","Nathan Kipchoge","Eldoret","Kenyan",203,"Deluxe",8500,"2024-10-21","2024-10-21",5,"Brenda Achieng","Front Desk",42000,"Cash","Checked Out","KES 42500","","",1
"BK0195","Olivia Maina","Nairobi","Kenyan",302,"Suite",15000,"2024-10-22","2024-10-22",3,"Tony Karanja","Housekeeping",32000,"Card","Checked Out",",","","",5
"BK0196","Patrick Ngugi","Nyeri","Kenyan",101,"Standard",5500,"2024-10-23","2024-10-23",4,"Fatuma Hassan","Housekeeping",48000,"Bank Transfer","Checked Out","22500","Swimming Pool",500,1
"BK0215","Olivia Maina","Nairobi","Kenyan",301,"Suite",15000,"2024-11-18","2024-11-18",4,"Peter Ngugi","Security",30000,"Card","Checked Out",",","","",2
"BK0042","Brian Otieno","Mombasa","Kenyan",203,"Deluxe",8500,"2024-02-29","2024-02-29",5,"Brenda Achieng","Front Desk",42000,"Cash","Checked Out","42500","","",1
"BK0041","Alice Mwangi","Nairobi","Kenyan",201,"Deluxe",8500,"2024-02-28","2024-02-28",2,"Kelvin Omondi","Front Desk",42000,"M-Pesa","Checked Out","17000","","",4
"BK0038","Rachel Mwenda","Meru","Kenyan",302,"Suite",15000,"2024-02-25","2024-02-25",1,"Amina Juma","Restaurant",65000,"Cash","Checked Out","15000","","",6
"BK0001","Alice Mwangi","Nairobi","Kenyan",101,"Standard",5500,"2024-01-05","2024-01-05",1,"Kelvin Omondi","Front Desk",42000,"M-Pesa","Checked Out","6000","Room Service",500,2
"BK0071","Karen Adhiambo","Nairobi","Kenyan",102,"Standard",5500,"2024-04-13","2024-04-13",3,"Peter Ngugi","Security",30000,"Card","Checked Out","16500","","",5
"BK0072","Liam Mutua","Machakos","Kenyan",104,"Standard",5500,"2024-04-14","2024-04-14",4,"Joy Otieno","Management",120000,"Bank Transfer","Cancelled","22000","","",3
"BK0073","Mary Waweru","Nairobi","Kenyan",202,"Deluxe",8500,"2024-04-15","2024-04-15",4,"Kelvin Omondi","Front Desk",42000,"Mpesa","Checked Out","36500","Airport Pickup",2500,3
"BK0163","Carol Wanjiku","Kisumu","Kenyan",202,"Deluxe",8500,"2024-09-09","2024-09-09",3,"Tony Karanja","Housekeeping",32000,"Card","Checked Out","26300","Laundry",800,2
"BK0088","Henry Korir","","Kenyan",301,"Suite",15000,"2024-05-10","2024-05-10",2,"Joy Otieno","Management",120000,"Bank Transfer","Checked Out","31200","Breakfast Buffet",1200,3
"BK0156","Patrick Ngugi","Nyeri","Kenyan",203,"Deluxe",8500,"2024-08-24","2024-08-24",2,"Fatuma Hassan","Housekeeping",48000,"Bank Transfer","Cancelled","17000","","",2
"BK0157","Quirine Abdi","Nairobi","Kenyan",302,"Suite",15000,"2024-08-25","2024-08-25",2,"Moses Kipchoge","Restaurant",35000,"M-Pesa","checked out","32500","Airport Pickup",2500,3
"BK0158","Rachel Mwenda","Meru","Kenyan",101,"Standard",5500,"2024-08-26","2024-08-26",3,"Amina Juma","Restaurant",65000,"Cash","Checked Out","16500","","",6
"BK0174","Nathan Kipchoge","Eldoret","Kenyan",302,"Suite",15000,"2024-09-25","2024-09-25",1,"Amina Juma","Restaurant",65000,"Cash","Checked Out","KES 15000","","",1
"BK0175","Olivia Maina","Nairobi","Kenyan",201,"Deluxe",8500,"2024-09-27","2024-09-27",2,"Peter Ngugi","Security",30000,"Card","Checked Out","17,500","Swimming Pool",500,4
"BK0176","Patrick Ngugi","Nyeri","Kenyan",203,"Deluxe",8500,"2024-09-28","2024-09-28",2,"Joy Otieno","Management",120000,"Bank Transfer","Checked Out","17000","","",5
"BK0177","Quirine Abdi","Nairobi","Kenyan",302,"Suite",15000,"2024-09-29","2024-09-29",4,"Kelvin Omondi","Front Desk",42000,"M-Pesa","checked out","60000","","",4
"BK0178","Rachel Mwenda","Meru","Kenyan",101,"Standard",5500,"2024-09-30","2024-09-30",5,"Brenda Achieng","Front Desk",42000,"Cash","Checked Out","30000","Airport Pickup",2500,0
"BK0179","Samuel Odhiambo","Kisumu","Kenyan",302,"Suite",15000,"2024-10-04","2024-10-04",2,"Tony Karanja","Housekeeping","","Card","Checked Out","30000","","",5
"BK0180","Tabitha Karanja","Nairobi","Kenyan",101,"Standard",5500,"","",5,"Fatuma Hassan","Housekeeping",48000,"Bank Transfer","Cancelled","27500","","",1
"BK0185","Esther Njoroge","Nakuru","Kenyan",201,"Deluxe",8500,"2024-10-11","2024-10-11",4,"Kelvin Omondi","Front Desk",42000,"M-Pesa","Checked Out","34000","","",5
"BK0186","Felix Hassan","Nairobi","Kenyan",203,"Deluxe",8500,"2024-12-10","2024-12-10",1,"Brenda Achieng","Front Desk",42000,"Cash","Checked Out","8500","","",4
"BK0187","Grace Achieng","Eldoret","Kenyan",302,"Suite",15000,"2024-10-13","2024-10-13",1,"Tony Karanja","Housekeeping",32000,"Card","Checked Out","18500","Spa Treatment",3500,4
"BK0188","Henry Korir","","Kenyan",101,"Standard",5500,"2024-10-14","2024-10-14",1,"Fatuma Hassan","Housekeeping",48000,"Bank Transfer","Checked Out","5500","","",1
"BK0189","Irene Chebet","Thika","Kenyan",103,"Standard",5500,"2024-10-15","2024-10-15",4,"Moses Kipchoge","Restaurant",35000,"M-Pesa","Checked Out","22000","","",1
"BK0190","James Gitonga","Nairobi","Kenyan",201,"Deluxe",8500,"2024-10-16","2024-10-16",2,"Amina Juma","Restaurant",65000,"Cash","Checked Out","17500","Room Service",500,2
"BK0191","Karen Adhiambo","Nairobi","Kenyan",101,"Standard",5500,"2024-10-18","2024-10-18",2,"Peter Ngugi","Security",30000,"Card","Checked Out","11000","","",1
"BK0192","Liam Mutua","Machakos","Kenyan",103,"Standard",5500,"2024-10-19","2024-10-19",3,"Joy Otieno","Management",120000,"Bank Transfer","Cancelled","16500","","",5
"BK0076","Patrick Ngugi","Nyeri","Kenyan",301,"Suite",15000,"2024-04-21","2024-04-21",2,"Fatuma Hassan","Housekeeping",48000,"Bank Transfer","Checked Out","45000","Conference Room",15000,2
"BK0073","Mary Waweru","Nairobi","Kenyan",202,"Deluxe",8500,"2024-04-15","2024-04-15",4,"Kelvin Omondi","Front Desk",42000,"Mpesa","Checked Out","36500","Airport Pickup",2500,3
"BK0133","Mary Waweru","Nairobi","Kenyan",103,"Standard",5500,"2024-07-19","2024-07-19",3,"Moses Kipchoge","Restaurant",35000,"Mpesa","Checked Out","17000","Swimming Pool",500,2
"BK0134","Nathan Kipchoge","Eldoret","Kenyan",201,"Deluxe",8500,"2024-07-20","2024-07-20",3,"Amina Juma","Restaurant",65000,"Cash","Checked Out","KES 25500","","",2
"BK0077","Quirine Abdi","Nairobi","Kenyan",401,"Penthouse",25000,"2024-04-22","2024-04-22",1,"Moses Kipchoge","Restaurant",35000,"M-Pesa","checked out","25000","","",1
"BK0141","Alice Mwangi","Nairobi","Kenyan",104,"Standard",5500,"2024-07-29","2024-07-29",3,"Moses Kipchoge","Restaurant",35000,"M-Pesa","Checked Out","16500","","",5
"BK0142","Brian Otieno","Mombasa","Kenyan",102,"Standard",5500,"2024-08-02","2024-08-02",4,"Amina Juma","Restaurant",65000,"Cash","Checked Out","22800","Laundry",800,5
"BK0143","Carol Wanjiku","Kisumu","Kenyan",104,"Standard",5500,"2024-08-03","2024-08-03",3,"Peter Ngugi","Security",30000,"Card","Checked Out","16500","","",2
"BK0144","David Kamau","Nairobi","Kenyan",202,"Deluxe",8500,"2024-08-04","2024-08-04",2,"Joy Otieno","Management",120000,"Bank Transfer","Cancelled","17000","","",3
"BK0159","Samuel Odhiambo","Kisumu","Kenyan",103,"Standard",5500,"2024-08-27","2024-08-27",5,"Peter Ngugi","Security","","Card","Checked Out","27500","","",5
"BK0160","Tabitha Karanja","Nairobi","Kenyan",401,"Penthouse",25000,"","",4,"Joy Otieno","Management",120000,"Bank Transfer","No Show","115000","Conference Room",15000,5
"BK0078","Rachel Mwenda","Meru","Kenyan",102,"Standard",5500,"2024-04-23","2024-04-23",2,"Amina Juma","Restaurant",65000,"Cash","Checked Out","11000","","",0
"BK0083","Carol Wanjiku","Kisumu","Kenyan",203,"Deluxe",8500,"2024-04-30","2024-04-30",5,"Tony Karanja","Housekeeping",32000,"Card","Checked Out","42500","","",4
"BK0084","David Kamau","Nairobi","Kenyan",104,"Standard",5500,"2024-05-03","2024-05-03",1,"Fatuma Hassan","Housekeeping",48000,"Bank Transfer","Cancelled","5500","","",4
"BK0085","Esther Njoroge","Nakuru","Kenyan",202,"Deluxe",8500,"2024-05-04","2024-05-04",5,"Moses Kipchoge","Restaurant",35000,"M-Pesa","Checked Out","43000","Room Service",500,1
"BK0100","Tabitha Karanja","Nairobi","Kenyan",103,"Standard",5500,"","",2,"Fatuma Hassan","Housekeeping",48000,"Bank Transfer","No Show","11800","Laundry",800,4
"BK0101","Alice Mwangi","Nairobi","Kenyan",201,"Deluxe",8500,"2024-05-28","2024-05-28",1,"Moses Kipchoge","Restaurant",35000,"M-Pesa","Checked Out","8500","","",5
"BK0102","Brian Otieno","Mombasa","Kenyan",102,"Standard",5500,"2024-06-01","2024-06-01",2,"Amina Juma","Restaurant",65000,"Cash","Checked Out","11000","","",4
"BK0104","David Kamau","Nairobi","Kenyan",202,"Deluxe",8500,"2024-06-03","2024-06-03",5,"Joy Otieno","Management",120000,"Bank Transfer","Checked Out","42500","","",1
"BK0105","Esther Njoroge","Nakuru","Kenyan",301,"Suite",15000,"2024-06-04","2024-06-04",3,"Kelvin Omondi","Front Desk",42000,"M-Pesa","Checked Out","45000","","",3
"BK0106","Felix Hassan","Nairobi","Kenyan",401,"Penthouse",25000,"2024-05-06","2024-05-06",4,"Brenda Achieng","Front Desk",42000,"Cash","Checked Out","100500","Room Service",500,1
"BK0168","Henry Korir","","Kenyan",102,"Standard",5500,"2024-09-17","2024-09-17",5,"Joy Otieno","Management",120000,"Bank Transfer","Cancelled","27500","","",4
"BK0169","Irene Chebet","Thika","Kenyan",302,"Suite",15000,"2024-09-20","2024-09-20",1,"Kelvin Omondi","Front Desk",42000,"M-Pesa","Checked Out","15500","Room Service",500,3
"BK0205","Esther Njoroge","Nakuru","Kenyan",301,"Suite",15000,"2024-11-04","2024-11-04",5,"Moses Kipchoge","Restaurant",35000,"M-Pesa","Checked Out","75800","Laundry",800,2
"BK0220","Tabitha Karanja","Nairobi","Kenyan",103,"Standard",5500,"","",5,"Fatuma Hassan","Housekeeping",48000,"Bank Transfer","No Show","30000","Airport Pickup",2500,2
"BK0244","David Kamau","Nairobi","Kenyan",104,"Standard",5500,"2023-07-15","2023-07-15",4,"Fatuma Hassan","Housekeeping",48000,"Bank Transfer","Checked Out","37000","Conference Room",15000,4
"BK0245","Esther Njoroge","Nakuru","Kenyan",202,"Deluxe",8500,"2023-07-16","2023-07-16",2,"Moses Kipchoge","Restaurant",35000,"M-Pesa","Checked Out","17000","","",3
"BK0246","Felix Hassan","Nairobi","Kenyan",301,"Suite",15000,"2023-07-17","2023-07-17",5,"Amina Juma","Restaurant",65000,"Cash","Checked Out","75000","","",1
"BK0195","Olivia Maina","Nairobi","Kenyan",302,"Suite",15000,"2024-10-22","2024-10-22",3,"Tony Karanja","Housekeeping",32000,"Card","Checked Out",",","","",5
"BK0170","James Gitonga","Nairobi","Kenyan",101,"Standard",5500,"2024-09-21","2024-09-21",5,"Brenda Achieng","Front Desk",42000,"Cash","Checked Out","27500","","",1
"BK0074","Nathan Kipchoge","Eldoret","Kenyan",104,"Standard",5500,"2024-04-19","2024-04-19",2,"Brenda Achieng","Front Desk",42000,"Cash","Checked Out","KES 11000","","",1
"BK0109","Irene Chebet","Thika","Kenyan",401,"Penthouse",25000,"2024-06-09","2024-06-09",1,"Moses Kipchoge","Restaurant",35000,"M-Pesa","Checked Out","26200","Breakfast Buffet",1200,4
"BK0110","James Gitonga","Nairobi","Kenyan",102,"Standard",5500,"2024-06-10","2024-06-10",1,"Amina Juma","Restaurant",65000,"Cash","Checked Out","5500","","",4
"BK0052","Liam Mutua","Machakos","Kenyan",102,"Standard",5500,"2024-03-15","2024-03-15",3,"Fatuma Hassan","Housekeeping",48000,"Bank Transfer","Checked Out","19000","Airport Pickup",2500,3
"BK0053","Mary Waweru","Nairobi","Kenyan",104,"Standard",5500,"2024-03-16","2024-03-16",2,"Moses Kipchoge","Restaurant",35000,"Mpesa","Checked Out","11000","","",2
"BK0054","Nathan Kipchoge","Eldoret","Kenyan",202,"Deluxe",8500,"2024-03-17","2024-03-17",4,"Amina Juma","Restaurant",65000,"Cash","Checked Out","KES 34000","","",3
"BK0055","Olivia Maina","Nairobi","Kenyan",301,"Suite",15000,"2024-03-18","2024-03-18",4,"Peter Ngugi","Security",30000,"Card","Checked Out",",","Conference Room",15000,2
"BK0056","Patrick Ngugi","Nyeri","Kenyan",202,"Deluxe",8500,"2024-03-22","2024-03-22",4,"Joy Otieno","Management",120000,"Bank Transfer","Checked Out","34000","","",4
"BK0241","Alice Mwangi","Nairobi","Kenyan",102,"Standard",5500,"2023-06-11","2023-06-11",5,"Kelvin Omondi","Front Desk",42000,"M-Pesa","Checked Out","30000","Airport Pickup",2500,5
"BK0242","Brian Otieno","Mombasa","Kenyan",104,"Standard",5500,"2023-06-12","2023-06-12",1,"Brenda Achieng","Front Desk",42000,"Cash","Checked Out","5500","","",2
"BK0243","Carol Wanjiku","Kisumu","Kenyan",202,"Deluxe",8500,"2023-06-13","2023-06-13",5,"Tony Karanja","Housekeeping",32000,"Card","Checked Out","42500","","",1
"BK0244","David Kamau","Nairobi","Kenyan",104,"Standard",5500,"2023-07-15","2023-07-15",4,"Fatuma Hassan","Housekeeping",48000,"Bank Transfer","Checked Out","37000","Conference Room",15000,4
"BK0057","Quirine Abdi","Nairobi","Kenyan",301,"Suite",15000,"2024-03-23","2024-03-23",4,"Kelvin Omondi","Front Desk",42000,"M-Pesa","checked out","60000","","",1
"BK0058","Rachel Mwenda","Meru","Kenyan",401,"Penthouse",25000,"2024-03-24","2024-03-24",2,"Brenda Achieng","Front Desk",42000,"Cash","Checked Out","50800","Laundry",800,0
"BK0222","Brian Otieno","Mombasa","Kenyan",103,"Standard",5500,"2024-12-07","2024-12-07",4,"Amina Juma","Restaurant",65000,"Cash","Checked Out","22000","","",5
"BK0059","Samuel Odhiambo","Kisumu","Kenyan",102,"Standard",5500,"2024-03-25","2024-03-25",4,"Tony Karanja","Housekeeping","","Card","Checked Out","22000","","",5
"BK0060","Tabitha Karanja","Nairobi","Kenyan",401,"Penthouse",25000,"","",5,"Fatuma Hassan","Housekeeping",48000,"Bank Transfer","Cancelled","125000","","",1
"BK0061","Alice Mwangi","Nairobi","Kenyan",102,"Standard",5500,"2024-03-29","2024-03-29",2,"Moses Kipchoge","Restaurant",35000,"M-Pesa","Checked Out","14500","Spa Treatment",3500,4
"BK0062","Brian Otieno","Mombasa","Kenyan",104,"Standard",5500,"2024-03-30","2024-03-30",4,"Amina Juma","Restaurant",65000,"Cash","Checked Out","22000","","",3
"BK0063","Carol Wanjiku","Kisumu","Kenyan",202,"Deluxe",8500,"2024-03-31","2024-03-31",3,"Peter Ngugi","Security",30000,"Card","Checked Out","25500","","",4
"BK0064","David Kamau","Nairobi","Kenyan",301,"Suite",15000,"2024-04-01","2024-04-01",3,"Joy Otieno","Management",120000,"Bank Transfer","Checked Out","45500","Room Service",500,2
"BK0065","Esther Njoroge","Nakuru","Kenyan",401,"Penthouse",25000,"2024-04-02","2024-04-02",3,"Kelvin Omondi","Front Desk",42000,"M-Pesa","Checked Out","75000","","",4
"BK0066","Felix Hassan","Nairobi","Kenyan",202,"Deluxe",8500,"2024-05-04","2024-05-04",3,"Brenda Achieng","Front Desk",42000,"Cash","Checked Out","25500","","",2
"BK0067","Grace Achieng","Eldoret","Kenyan",301,"Suite",15000,"2024-04-06","2024-04-06",4,"Tony Karanja","Housekeeping",32000,"Card","Checked Out","61200","Breakfast Buffet",1200,3
"BK0068","Henry Korir","","Kenyan",401,"Penthouse",25000,"2024-04-07","2024-04-07",5,"Fatuma Hassan","Housekeeping",48000,"Bank Transfer","Checked Out","125000","","",4
"BK0069","Irene Chebet","Thika","Kenyan",102,"Standard",5500,"2024-04-08","2024-04-08",3,"Moses Kipchoge","Restaurant",35000,"M-Pesa","Checked Out","16500","","",1
"BK0070","James Gitonga","Nairobi","Kenyan",401,"Penthouse",25000,"2024-04-12","2024-04-12",1,"Amina Juma","Restaurant",65000,"Cash","Checked Out","25500","Swimming Pool",500,3
"BK0008","Henry Korir","","Kenyan",302,"Suite",15000,"2024-01-13","2024-01-13",2,"Joy Otieno","Management",120000,"Bank Transfer","Checked Out","30000","","",4
"BK0009","Irene Chebet","Thika","Kenyan",101,"Standard",5500,"2024-01-14","2024-01-14",4,"Kelvin Omondi","Front Desk",42000,"M-Pesa","Checked Out","22000","","",3
"BK0006","Felix Hassan","Nairobi","Kenyan",101,"Standard",5500,"2024-10-01","2024-10-01",5,"Amina Juma","Restaurant",65000,"Cash","Checked Out","27500","","",2
"BK0010","James Gitonga","Nairobi","Kenyan",103,"Standard",5500,"2024-01-15","2024-01-15",2,"Brenda Achieng","Front Desk",42000,"Cash","Checked Out","13500","Airport Pickup",2500,3
"BK0011","Karen Adhiambo","Nairobi","Kenyan",201,"Deluxe",8500,"2024-01-16","2024-01-16",1,"Tony Karanja","Housekeeping",32000,"Card","Checked Out","8500","","",1
"BK0264","David Kamau","Nairobi","Kenyan",201,"Deluxe",8500,"2023-11-12","2023-11-12",4,"Joy Otieno","Management",120000,"Bank Transfer","Cancelled","34000","","",3
"BK0265","Esther Njoroge","Nakuru","Kenyan",203,"Deluxe",8500,"2023-11-13","2023-11-13",2,"Kelvin Omondi","Front Desk",42000,"M-Pesa","Checked Out","32000","Conference Room",15000,2
"BK0266","Felix Hassan","Nairobi","Kenyan",302,"Suite",15000,"2023-11-14","2023-11-14",4,"Brenda Achieng","Front Desk",42000,"Cash","Checked Out","60000","","",5
"BK0267","Grace Achieng","Eldoret","Kenyan",101,"Standard",5500,"2023-11-15","2023-11-15",4,"Tony Karanja","Housekeeping",32000,"Card","Checked Out","22000","","",2
"BK0268","Henry Korir","","Kenyan",103,"Standard",5500,"2023-11-16","2023-11-16",3,"Fatuma Hassan","Housekeeping",48000,"Bank Transfer","Checked Out","17300","Laundry",800,5
"BK0269","Irene Chebet","Thika","Kenyan",302,"Suite",15000,"2023-12-20","2023-12-20",2,"Moses Kipchoge","Restaurant",35000,"M-Pesa","Checked Out","30000","","",4
"BK0270","James Gitonga","Nairobi","Kenyan",101,"Standard",5500,"2023-12-21","2023-12-21",5,"Amina Juma","Restaurant",65000,"Cash","Checked Out","27500","","",2
"BK0119","Samuel Odhiambo","Kisumu","Kenyan",101,"Standard",5500,"2024-06-24","2024-06-24",1,"Peter Ngugi","Security","","Card","Checked Out","5500","","",4
"BK0189","Irene Chebet","Thika","Kenyan",103,"Standard",5500,"2024-10-15","2024-10-15",4,"Moses Kipchoge","Restaurant",35000,"M-Pesa","Checked Out","22000","","",1
"BK0120","Tabitha Karanja","Nairobi","Kenyan",103,"Standard",5500,"","",3,"Joy Otieno","Management",120000,"Bank Transfer","Cancelled","16500","","",5
"BK0121","Alice Mwangi","Nairobi","Kenyan",201,"Deluxe",8500,"2024-06-26","2024-06-26",1,"Kelvin Omondi","Front Desk",42000,"M-Pesa","Checked Out","9300","Laundry",800,2
"BK0150","James Gitonga","Nairobi","Kenyan",103,"Standard",5500,"2024-08-12","2024-08-12",3,"Amina Juma","Restaurant",65000,"Cash","Checked Out","16500","","",5
"BK0151","Karen Adhiambo","Nairobi","Kenyan",101,"Standard",5500,"2024-08-16","2024-08-16",2,"Peter Ngugi","Security",30000,"Card","Checked Out","12200","Breakfast Buffet",1200,5
"BK0152","Liam Mutua","Machakos","Kenyan",103,"Standard",5500,"2024-08-17","2024-08-17",1,"Joy Otieno","Management",120000,"Bank Transfer","Checked Out","5500","","",3
"BK0153","Mary Waweru","Nairobi","Kenyan",201,"Deluxe",8500,"2024-08-18","2024-08-18",1,"Kelvin Omondi","Front Desk",42000,"Mpesa","Checked Out","8500","","",3
"BK0155","Olivia Maina","Nairobi","Kenyan",201,"Deluxe",8500,"2024-08-23","2024-08-23",1,"Tony Karanja","Housekeeping",32000,"Card","Checked Out","8,500","","",2
"BK0157","Quirine Abdi","Nairobi","Kenyan",302,"Suite",15000,"2024-08-25","2024-08-25",2,"Moses Kipchoge","Restaurant",35000,"M-Pesa","checked out","32500","Airport Pickup",2500,3
"BK0131","Karen Adhiambo","Nairobi","Kenyan",201,"Deluxe",8500,"2024-07-16","2024-07-16",3,"Tony Karanja","Housekeeping",32000,"Card","Checked Out","25500","","",5
"BK0132","Liam Mutua","Machakos","Kenyan",203,"Deluxe",8500,"2024-07-17","2024-07-17",2,"Fatuma Hassan","Housekeeping",48000,"Bank Transfer","Cancelled","17000","","",4
"BK0133","Mary Waweru","Nairobi","Kenyan",103,"Standard",5500,"2024-07-19","2024-07-19",3,"Moses Kipchoge","Restaurant",35000,"Mpesa","Checked Out","17000","Swimming Pool",500,2
"BK0135","Olivia Maina","Nairobi","Kenyan",203,"Deluxe",8500,"2024-07-21","2024-07-21",5,"Peter Ngugi","Security",30000,"Card","Checked Out","42,500","","",5
"BK0166","Felix Hassan","Nairobi","Kenyan",301,"Suite",15000,"2024-09-15","2024-09-15",3,"Amina Juma","Restaurant",65000,"Cash","Checked Out","48500","Spa Treatment",3500,5
"BK0167","Grace Achieng","Eldoret","Kenyan",401,"Penthouse",25000,"2024-09-16","2024-09-16",5,"Peter Ngugi","Security",30000,"Card","Checked Out","125000","","",1
"BK0175","Olivia Maina","Nairobi","Kenyan",201,"Deluxe",8500,"2024-09-27","2024-09-27",2,"Peter Ngugi","Security",30000,"Card","Checked Out","17,500","Swimming Pool",500,4
"BK0176","Patrick Ngugi","Nyeri","Kenyan",203,"Deluxe",8500,"2024-09-28","2024-09-28",2,"Joy Otieno","Management",120000,"Bank Transfer","Checked Out","17000","","",5
"BK0177","Quirine Abdi","Nairobi","Kenyan",302,"Suite",15000,"2024-09-29","2024-09-29",4,"Kelvin Omondi","Front Desk",42000,"M-Pesa","checked out","60000","","",4
"BK0178","Rachel Mwenda","Meru","Kenyan",101,"Standard",5500,"2024-09-30","2024-09-30",5,"Brenda Achieng","Front Desk",42000,"Cash","Checked Out","30000","Airport Pickup",2500,0
"BK0179","Samuel Odhiambo","Kisumu","Kenyan",302,"Suite",15000,"2024-10-04","2024-10-04",2,"Tony Karanja","Housekeeping","","Card","Checked Out","30000","","",5
"BK0180","Tabitha Karanja","Nairobi","Kenyan",101,"Standard",5500,"","",5,"Fatuma Hassan","Housekeeping",48000,"Bank Transfer","Cancelled","27500","","",1
"BK0181","Alice Mwangi","Nairobi","Kenyan",103,"Standard",5500,"2024-10-06","2024-10-06",2,"Moses Kipchoge","Restaurant",35000,"M-Pesa","Checked Out","26000","Conference Room",15000,4
"BK0182","Brian Otieno","Mombasa","Kenyan",201,"Deluxe",8500,"2024-10-07","2024-10-07",1,"Amina Juma","Restaurant",65000,"Cash","Checked Out","8500","","",1
"BK0183","Carol Wanjiku","Kisumu","Kenyan",203,"Deluxe",8500,"2024-10-08","2024-10-08",2,"Peter Ngugi","Security",30000,"Card","Checked Out","17000","","",1
"BK0206","Felix Hassan","Nairobi","Kenyan",202,"Deluxe",8500,"2024-08-11","2024-08-11",2,"Amina Juma","Restaurant",65000,"Cash","Checked Out","17000","","",3
"BK0207","Grace Achieng","Eldoret","Kenyan",301,"Suite",15000,"2024-11-09","2024-11-09",2,"Peter Ngugi","Security",30000,"Card","Checked Out","30000","","",3
"BK0208","Henry Korir","","Kenyan",401,"Penthouse",25000,"2024-11-10","2024-11-10",3,"Joy Otieno","Management",120000,"Bank Transfer","Checked Out","78500","Spa Treatment",3500,4
"BK0209","Irene Chebet","Thika","Kenyan",102,"Standard",5500,"2024-11-11","2024-11-11",1,"Kelvin Omondi","Front Desk",42000,"M-Pesa","Checked Out","5500","","",2
"BK0210","James Gitonga","Nairobi","Kenyan",104,"Standard",5500,"2024-11-12","2024-11-12",3,"Brenda Achieng","Front Desk",42000,"Cash","Checked Out","16500","","",3
"BK0211","Karen Adhiambo","Nairobi","Kenyan",202,"Deluxe",8500,"2024-11-13","2024-11-13",3,"Tony Karanja","Housekeeping",32000,"Card","Checked Out","26000","Room Service",500,4
"BK0212","Liam Mutua","Machakos","Kenyan",102,"Standard",5500,"2024-11-15","2024-11-15",5,"Fatuma Hassan","Housekeeping",48000,"Bank Transfer","Checked Out","27500","","",3
"BK0213","Mary Waweru","Nairobi","Kenyan",104,"Standard",5500,"2024-11-16","2024-11-16",1,"Moses Kipchoge","Restaurant",35000,"Mpesa","Checked Out","5500","","",2
"BK0037","Quirine Abdi","Nairobi","Kenyan",203,"Deluxe",8500,"2024-02-24","2024-02-24",5,"Moses Kipchoge","Restaurant",35000,"M-Pesa","checked out","43300","Laundry",800,5
"BK0275","Olivia Maina","Nairobi","Kenyan",201,"Deluxe",8500,"2023-12-25","2023-12-25",4,"Tony Karanja","Housekeeping",32000,"Card","Checked Out",",","","",4
"BK0276","Patrick Ngugi","Nyeri","Kenyan",203,"Deluxe",8500,"2023-12-26","2023-12-26",3,"Fatuma Hassan","Housekeeping",48000,"Bank Transfer","Cancelled","25500","","",3
"BK0277","Quirine Abdi","Nairobi","Kenyan",302,"Suite",15000,"2023-12-27","2023-12-27",5,"Moses Kipchoge","Restaurant",35000,"M-Pesa","checked out","76200","Breakfast Buffet",1200,5
"BK0278","Rachel Mwenda","Meru","Kenyan",101,"Standard",5500,"2023-12-28","2023-12-28",4,"Amina Juma","Restaurant",65000,"Cash","Checked Out","22000","","",0
"BK9001","John Doe","Nairobi","Kenyan",201,"Deluxe",8500,"2024-08-01","2024-08-01",2,"Kelvin Omondi","Front Desk",42000,"M-Pesa","Checked Out","","Room Service",500,4
"BK0038","Rachel Mwenda","Meru","Kenyan",302,"Suite",15000,"2024-02-25","2024-02-25",1,"Amina Juma","Restaurant",65000,"Cash","Checked Out","15000","","",6
"BK0039","Samuel Odhiambo","Kisumu","Kenyan",101,"Standard",5500,"2024-02-26","2024-02-26",4,"Peter Ngugi","Security","","Card","Checked Out","22000","","",4
"BK0040","Tabitha Karanja","Nairobi","Kenyan",103,"Standard",5500,"","",4,"Joy Otieno","Management",120000,"Bank Transfer","No Show","25500","Spa Treatment",3500,2
"BK0041","Alice Mwangi","Nairobi","Kenyan",201,"Deluxe",8500,"2024-02-28","2024-02-28",2,"Kelvin Omondi","Front Desk",42000,"M-Pesa","Checked Out","17000","","",4
"BK0042","Brian Otieno","Mombasa","Kenyan",203,"Deluxe",8500,"2024-02-29","2024-02-29",5,"Brenda Achieng","Front Desk",42000,"Cash","Checked Out","42500","","",1
"BK0043","Carol Wanjiku","Kisumu","Kenyan",103,"Standard",5500,"2024-03-02","2024-03-02",2,"Tony Karanja","Housekeeping",32000,"Card","Checked Out","11500","Room Service",500,5
"BK0135","Olivia Maina","Nairobi","Kenyan",203,"Deluxe",8500,"2024-07-21","2024-07-21",5,"Peter Ngugi","Security",30000,"Card","Checked Out","42,500","","",5
"BK0074","Nathan Kipchoge","Eldoret","Kenyan",104,"Standard",5500,"2024-04-19","2024-04-19",2,"Brenda Achieng","Front Desk",42000,"Cash","Checked Out","KES 11000","","",1
"BK0142","Brian Otieno","Mombasa","Kenyan",102,"Standard",5500,"2024-08-02","2024-08-02",4,"Amina Juma","Restaurant",65000,"Cash","Checked Out","22800","Laundry",800,5
"BK0259","Samuel Odhiambo","Kisumu","Kenyan",302,"Suite",15000,"2023-10-10","2023-10-10",2,"Tony Karanja","Housekeeping","","Card","Checked Out","30500","Swimming Pool",500,2
"BK0261","Alice Mwangi","Nairobi","Kenyan",103,"Standard",5500,"2023-10-12","2023-10-12",3,"Moses Kipchoge","Restaurant",35000,"M-Pesa","Checked Out","16500","","",4
"BK0262","Brian Otieno","Mombasa","Kenyan",201,"Deluxe",8500,"2023-10-13","2023-10-13",5,"Amina Juma","Restaurant",65000,"Cash","Checked Out","45000","Airport Pickup",2500,2
"BK0263","Carol Wanjiku","Kisumu","Kenyan",103,"Standard",5500,"2023-11-11","2023-11-11",2,"Peter Ngugi","Security",30000,"Card","Checked Out","11000","","",5
"BK0140","Tabitha Karanja","Nairobi","Kenyan",102,"Standard",5500,"","",2,"Fatuma Hassan","Housekeeping",48000,"Bank Transfer","No Show","11000","","",3
"BK0270","James Gitonga","Nairobi","Kenyan",101,"Standard",5500,"2023-12-21","2023-12-21",5,"Amina Juma","Restaurant",65000,"Cash","Checked Out","27500","","",2
"BK0173","Mary Waweru","Nairobi","Kenyan",203,"Deluxe",8500,"2024-09-24","2024-09-24",4,"Moses Kipchoge","Restaurant",35000,"Mpesa","Checked Out","34000","","",1
"BK0018","Rachel Mwenda","Meru","Kenyan",302,"Suite",15000,"2024-01-26","2024-01-26",5,"Brenda Achieng","Front Desk",42000,"Cash","Checked Out","75000","","",6
"BK0019","Samuel Odhiambo","Kisumu","Kenyan",101,"Standard",5500,"2024-01-27","2024-01-27",5,"Tony Karanja","Housekeeping","","Card","Checked Out","31000","Spa Treatment",3500,5
"BK0020","Tabitha Karanja","Nairobi","Kenyan",103,"Standard",5500,"","",1,"Fatuma Hassan","Housekeeping",48000,"Bank Transfer","No Show","5500","","",5
"BK0021","Alice Mwangi","Nairobi","Kenyan",101,"Standard",5500,"2024-02-03","2024-02-03",3,"Moses Kipchoge","Restaurant",35000,"M-Pesa","Checked Out","16500","","",2
"BK0022","Brian Otieno","Mombasa","Kenyan",103,"Standard",5500,"2024-02-04","2024-02-04",5,"Amina Juma","Restaurant",65000,"Cash","Checked Out","28000","Room Service",500,5
"BK0023","Carol Wanjiku","Kisumu","Kenyan",201,"Deluxe",8500,"2024-02-05","2024-02-05",1,"Peter Ngugi","Security",30000,"Card","Checked Out","8500","","",1
"BK0024","David Kamau","Nairobi","Kenyan",203,"Deluxe",8500,"2024-02-06","2024-02-06",2,"Joy Otieno","Management",120000,"Bank Transfer","Cancelled","17000","","",5
"BK0025","Esther Njoroge","Nakuru","Kenyan",302,"Suite",15000,"2024-02-07","2024-02-07",3,"Kelvin Omondi","Front Desk",42000,"M-Pesa","Checked Out","46200","Breakfast Buffet",1200,1
"BK0131","Karen Adhiambo","Nairobi","Kenyan",201,"Deluxe",8500,"2024-07-16","2024-07-16",3,"Tony Karanja","Housekeeping",32000,"Card","Checked Out","25500","","",5
"BK0132","Liam Mutua","Machakos","Kenyan",203,"Deluxe",8500,"2024-07-17","2024-07-17",2,"Fatuma Hassan","Housekeeping",48000,"Bank Transfer","Cancelled","17000","","",4
"BK0116","Patrick Ngugi","Nyeri","Kenyan",302,"Suite",15000,"2024-06-18","2024-06-18",2,"Fatuma Hassan","Housekeeping",48000,"Bank Transfer","Checked Out","30000","","",4
"BK0117","Quirine Abdi","Nairobi","Kenyan",203,"Deluxe",8500,"2024-06-22","2024-06-22",4,"Moses Kipchoge","Restaurant",35000,"M-Pesa","checked out","34000","","",3
"BK0118","Rachel Mwenda","Meru","Kenyan",302,"Suite",15000,"2024-06-23","2024-06-23",2,"Amina Juma","Restaurant",65000,"Cash","Checked Out","45000","Conference Room",15000,6
"BK0122","Brian Otieno","Mombasa","Kenyan",203,"Deluxe",8500,"2024-06-27","2024-06-27",2,"Brenda Achieng","Front Desk",42000,"Cash","Checked Out","17000","","",5
"BK0123","Carol Wanjiku","Kisumu","Kenyan",103,"Standard",5500,"2024-07-05","2024-07-05",1,"Tony Karanja","Housekeeping",32000,"Card","Checked Out","5500","","",1
"BK0124","David Kamau","Nairobi","Kenyan",201,"Deluxe",8500,"2024-07-06","2024-07-06",4,"Fatuma Hassan","Housekeeping",48000,"Bank Transfer","Checked Out","37500","Spa Treatment",3500,3
"BK0268","Henry Korir","","Kenyan",103,"Standard",5500,"2023-11-16","2023-11-16",3,"Fatuma Hassan","Housekeeping",48000,"Bank Transfer","Checked Out","17300","Laundry",800,5
"BK0269","Irene Chebet","Thika","Kenyan",302,"Suite",15000,"2023-12-20","2023-12-20",2,"Moses Kipchoge","Restaurant",35000,"M-Pesa","Checked Out","30000","","",4
"BK0122","Brian Otieno","Mombasa","Kenyan",203,"Deluxe",8500,"2024-06-27","2024-06-27",2,"Brenda Achieng","Front Desk",42000,"Cash","Checked Out","17000","","",5
"BK0123","Carol Wanjiku","Kisumu","Kenyan",103,"Standard",5500,"2024-07-05","2024-07-05",1,"Tony Karanja","Housekeeping",32000,"Card","Checked Out","5500","","",1
"BK0124","David Kamau","Nairobi","Kenyan",201,"Deluxe",8500,"2024-07-06","2024-07-06",4,"Fatuma Hassan","Housekeeping",48000,"Bank Transfer","Checked Out","37500","Spa Treatment",3500,3
"BK0129","Irene Chebet","Thika","Kenyan",101,"Standard",5500,"2024-07-14","2024-07-14",2,"Kelvin Omondi","Front Desk",42000,"M-Pesa","Checked Out","11000","","",1
"BK0130","James Gitonga","Nairobi","Kenyan",103,"Standard",5500,"2024-07-15","2024-07-15",3,"Brenda Achieng","Front Desk",42000,"Cash","Checked Out","17700","Breakfast Buffet",1200,4
"BK0146","Felix Hassan","Nairobi","Kenyan",401,"Penthouse",25000,"2024-06-08","2024-06-08",4,"Brenda Achieng","Front Desk",42000,"Cash","Checked Out","100000","","",1
"BK0147","Grace Achieng","Eldoret","Kenyan",203,"Deluxe",8500,"2024-08-09","2024-08-09",3,"Tony Karanja","Housekeeping",32000,"Card","Checked Out","25500","","",4
"BK0148","Henry Korir","","Kenyan",302,"Suite",15000,"2024-08-10","2024-08-10",2,"Fatuma Hassan","Housekeeping",48000,"Bank Transfer","Checked Out","30500","Room Service",500,1
"BK0239","Samuel Odhiambo","Kisumu","Kenyan",103,"Standard",5500,"2024-12-31","2024-12-31",5,"Peter Ngugi","Security","","Card","Checked Out","27500","","",4
"BK0162","Brian Otieno","Mombasa","Kenyan",104,"Standard",5500,"2024-09-08","2024-09-08",3,"Brenda Achieng","Front Desk",42000,"Cash","Checked Out","16500","","",4
"BK0032","Liam Mutua","Machakos","Kenyan",102,"Standard",5500,"2024-02-17","2024-02-17",1,"Joy Otieno","Management",120000,"Bank Transfer","Checked Out","5500","","",1
"BK0033","Mary Waweru","Nairobi","Kenyan",104,"Standard",5500,"2024-02-18","2024-02-18",3,"Kelvin Omondi","Front Desk",42000,"Mpesa","Checked Out","16500","","",1
"BK0136","Patrick Ngugi","Nyeri","Kenyan",302,"Suite",15000,"2024-07-22","2024-07-22",2,"Joy Otieno","Management",120000,"Bank Transfer","Checked Out","32500","Airport Pickup",2500,2
"BK0266","Felix Hassan","Nairobi","Kenyan",302,"Suite",15000,"2023-11-14","2023-11-14",4,"Brenda Achieng","Front Desk",42000,"Cash","Checked Out","60000","","",5
"BK0058","Rachel Mwenda","Meru","Kenyan",401,"Penthouse",25000,"2024-03-24","2024-03-24",2,"Brenda Achieng","Front Desk",42000,"Cash","Checked Out","50800","Laundry",800,0
"BK0059","Samuel Odhiambo","Kisumu","Kenyan",102,"Standard",5500,"2024-03-25","2024-03-25",4,"Tony Karanja","Housekeeping","","Card","Checked Out","22000","","",5
"BK0061","Alice Mwangi","Nairobi","Kenyan",102,"Standard",5500,"2024-03-29","2024-03-29",2,"Moses Kipchoge","Restaurant",35000,"M-Pesa","Checked Out","14500","Spa Treatment",3500,4
"BK0221","Alice Mwangi","Nairobi","Kenyan",101,"Standard",5500,"2024-12-06","2024-12-06",5,"Moses Kipchoge","Restaurant",35000,"M-Pesa","Checked Out","27500","","",1
"BK0223","Carol Wanjiku","Kisumu","Kenyan",201,"Deluxe",8500,"2024-12-08","2024-12-08",4,"Peter Ngugi","Security",30000,"Card","Checked Out","49000","Conference Room",15000,2
"BK0278","Rachel Mwenda","Meru","Kenyan",101,"Standard",5500,"2023-12-28","2023-12-28",4,"Amina Juma","Restaurant",65000,"Cash","Checked Out","22000","","",0
"BK9001","John Doe","Nairobi","Kenyan",201,"Deluxe",8500,"2024-08-01","2024-08-01",2,"Kelvin Omondi","Front Desk",42000,"M-Pesa","Checked Out","","Room Service",500,4
"BK0134","Nathan Kipchoge","Eldoret","Kenyan",201,"Deluxe",8500,"2024-07-20","2024-07-20",3,"Amina Juma","Restaurant",65000,"Cash","Checked Out","KES 25500","","",2
"BK0101","Alice Mwangi","Nairobi","Kenyan",201,"Deluxe",8500,"2024-05-28","2024-05-28",1,"Moses Kipchoge","Restaurant",35000,"M-Pesa","Checked Out","8500","","",5
"BK0102","Brian Otieno","Mombasa","Kenyan",102,"Standard",5500,"2024-06-01","2024-06-01",2,"Amina Juma","Restaurant",65000,"Cash","Checked Out","11000","","",4
"BK0103","Carol Wanjiku","Kisumu","Kenyan",104,"Standard",5500,"2024-06-02","2024-06-02",2,"Peter Ngugi","Security",30000,"Card","Checked Out","14500","Spa Treatment",3500,5
"BK0238","Rachel Mwenda","Meru","Kenyan",101,"Standard",5500,"2024-12-30","2024-12-30",3,"Amina Juma","Restaurant",65000,"Cash","Checked Out","17000","Swimming Pool",500,6
"BK0082","Brian Otieno","Mombasa","Kenyan",201,"Deluxe",8500,"2024-04-29","2024-04-29",2,"Brenda Achieng","Front Desk",42000,"Cash","Checked Out","20500","Spa Treatment",3500,2
"BK0083","Carol Wanjiku","Kisumu","Kenyan",203,"Deluxe",8500,"2024-04-30","2024-04-30",5,"Tony Karanja","Housekeeping",32000,"Card","Checked Out","42500","","",4
"BK0084","David Kamau","Nairobi","Kenyan",104,"Standard",5500,"2024-05-03","2024-05-03",1,"Fatuma Hassan","Housekeeping",48000,"Bank Transfer","Cancelled","5500","","",4
"BK0085","Esther Njoroge","Nakuru","Kenyan",202,"Deluxe",8500,"2024-05-04","2024-05-04",5,"Moses Kipchoge","Restaurant",35000,"M-Pesa","Checked Out","43000","Room Service",500,1
"BK0086","Felix Hassan","Nairobi","Kenyan",301,"Suite",15000,"2024-05-05","2024-05-05",3,"Amina Juma","Restaurant",65000,"Cash","Checked Out","45000","","",4
"BK0087","Grace Achieng","Eldoret","Kenyan",401,"Penthouse",25000,"2024-05-06","2024-05-06",2,"Peter Ngugi","Security",30000,"Card","Checked Out","50000","","",5
"BK0255","Olivia Maina","Nairobi","Kenyan",202,"Deluxe",8500,"2023-09-06","2023-09-06",5,"Peter Ngugi","Security",30000,"Card","Checked Out","42,500","","",1
"BK0256","Patrick Ngugi","Nyeri","Kenyan",301,"Suite",15000,"2023-09-07","2023-09-07",3,"Joy Otieno","Management",120000,"Bank Transfer","Checked Out","46200","Breakfast Buffet",1200,5
"BK0257","Quirine Abdi","Nairobi","Kenyan",401,"Penthouse",25000,"2023-09-08","2023-09-08",1,"Kelvin Omondi","Front Desk",42000,"M-Pesa","checked out","25000","","",4
"BK0258","Rachel Mwenda","Meru","Kenyan",102,"Standard",5500,"2023-09-09","2023-09-09",4,"Brenda Achieng","Front Desk",42000,"Cash","Checked Out","22000","","",0
"BK0259","Samuel Odhiambo","Kisumu","Kenyan",302,"Suite",15000,"2023-10-10","2023-10-10",2,"Tony Karanja","Housekeeping","","Card","Checked Out","30500","Swimming Pool",500,2
"BK0260","Tabitha Karanja","Nairobi","Kenyan",101,"Standard",5500,"","",5,"Fatuma Hassan","Housekeeping",48000,"Bank Transfer","No Show","27500","","",4
"BK0250","James Gitonga","Nairobi","Kenyan",401,"Penthouse",25000,"2023-08-20","2023-08-20",2,"Brenda Achieng","Front Desk",42000,"Cash","Checked Out","53500","Spa Treatment",3500,4
"BK0251","Karen Adhiambo","Nairobi","Kenyan",102,"Standard",5500,"2023-08-21","2023-08-21",4,"Tony Karanja","Housekeeping",32000,"Card","Checked Out","22000","","",3
"BK0252","Liam Mutua","Machakos","Kenyan",104,"Standard",5500,"2023-08-22","2023-08-22",5,"Fatuma Hassan","Housekeeping",48000,"Bank Transfer","Cancelled","27500","","",2
"BK0253","Mary Waweru","Nairobi","Kenyan",202,"Deluxe",8500,"2023-08-23","2023-08-23",4,"Moses Kipchoge","Restaurant",35000,"Mpesa","Checked Out","34500","Room Service",500,1
"BK0020","Tabitha Karanja","Nairobi","Kenyan",103,"Standard",5500,"","",1,"Fatuma Hassan","Housekeeping",48000,"Bank Transfer","No Show","5500","","",5
"BK0149","Irene Chebet","Thika","Kenyan",101,"Standard",5500,"2024-08-11","2024-08-11",2,"Moses Kipchoge","Restaurant",35000,"M-Pesa","Checked Out","11000","","",1
"BK0240","Tabitha Karanja","Nairobi","Kenyan",401,"Penthouse",25000,"","",4,"Joy Otieno","Management",120000,"Bank Transfer","Cancelled","100000","","",2
"BK0245","Esther Njoroge","Nakuru","Kenyan",202,"Deluxe",8500,"2023-07-16","2023-07-16",2,"Moses Kipchoge","Restaurant",35000,"M-Pesa","Checked Out","17000","","",3
"BK0246","Felix Hassan","Nairobi","Kenyan",301,"Suite",15000,"2023-07-17","2023-07-17",5,"Amina Juma","Restaurant",65000,"Cash","Checked Out","75000","","",1
"BK0247","Grace Achieng","Eldoret","Kenyan",401,"Penthouse",25000,"2023-07-18","2023-07-18",1,"Peter Ngugi","Security",30000,"Card","Checked Out","25800","Laundry",800,4
"BK0248","Henry Korir","","Kenyan",102,"Standard",5500,"2023-07-19","2023-07-19",1,"Joy Otieno","Management",120000,"Bank Transfer","Checked Out","5500","","",5
"BK0028","Henry Korir","","Kenyan",401,"Penthouse",25000,"2024-02-12","2024-02-12",3,"Fatuma Hassan","Housekeeping",48000,"Bank Transfer","Checked Out","75500","Swimming Pool",500,4
"BK0029","Irene Chebet","Thika","Kenyan",102,"Standard",5500,"2024-02-13","2024-02-13",5,"Moses Kipchoge","Restaurant",35000,"M-Pesa","Checked Out","27500","","",1
"BK0030","James Gitonga","Nairobi","Kenyan",104,"Standard",5500,"2024-02-14","2024-02-14",2,"Amina Juma","Restaurant",65000,"Cash","Checked Out","11000","","",2
"BK0031","Karen Adhiambo","Nairobi","Kenyan",202,"Deluxe",8500,"2024-02-15","2024-02-15",5,"Peter Ngugi","Security",30000,"Card","Checked Out","45000","Airport Pickup",2500,4
"BK0080","Tabitha Karanja","Nairobi","Kenyan",101,"Standard",5500,"","",3,"Joy Otieno","Management",120000,"Bank Transfer","No Show","16500","","",4
"BK0194","Nathan Kipchoge","Eldoret","Kenyan",203,"Deluxe",8500,"2024-10-21","2024-10-21",5,"Brenda Achieng","Front Desk",42000,"Cash","Checked Out","KES 42500","","",1
"BK0075","Olivia Maina","Nairobi","Kenyan",202,"Deluxe",8500,"2024-04-20","2024-04-20",4,"Tony Karanja","Housekeeping",32000,"Card","Checked Out",",","","",1
"BK0076","Patrick Ngugi","Nyeri","Kenyan",301,"Suite",15000,"2024-04-21","2024-04-21",2,"Fatuma Hassan","Housekeeping",48000,"Bank Transfer","Checked Out","45000","Conference Room",15000,2
"BK0077","Quirine Abdi","Nairobi","Kenyan",401,"Penthouse",25000,"2024-04-22","2024-04-22",1,"Moses Kipchoge","Restaurant",35000,"M-Pesa","checked out","25000","","",1
"BK0078","Rachel Mwenda","Meru","Kenyan",102,"Standard",5500,"2024-04-23","2024-04-23",2,"Amina Juma","Restaurant",65000,"Cash","Checked Out","11000","","",0
"BK0079","Samuel Odhiambo","Kisumu","Kenyan",302,"Suite",15000,"2024-04-26","2024-04-26",4,"Peter Ngugi","Security","","Card","Checked Out","60800","Laundry",800,2
"BK0080","Tabitha Karanja","Nairobi","Kenyan",101,"Standard",5500,"","",3,"Joy Otieno","Management",120000,"Bank Transfer","No Show","16500","","",4
"BK0081","Alice Mwangi","Nairobi","Kenyan",103,"Standard",5500,"2024-04-28","2024-04-28",5,"Kelvin Omondi","Front Desk",42000,"M-Pesa","Checked Out","27500","","",5
"BK0258","Rachel Mwenda","Meru","Kenyan",102,"Standard",5500,"2023-09-09","2023-09-09",4,"Brenda Achieng","Front Desk",42000,"Cash","Checked Out","22000","","",0
